层级,梯元,梯元id,重数,使用汉字
0,H,,686,
0,N,,565,
0,S,,553,
0,Z,,390,
0,P,,341,
0,G,,311,
1,HS,2254,126,"丁,十,厂,丈,下,大,寸,丐,世,丘,严,丰,主,丽,乍,乒,乖,乘,乱,乾,井,开,亚,什,仗,伏,休,优,估,佑,伴,住,体,作,佳,侄,例,侍,侯,侵,俐,保,俯,倒,倔,候,倚,借,倦,债,值,假,偏,偷,储,催,傲,僵,僻,儒,儡,先,克,兢,全,兵,兼,兽,军,准,凌,减,凑,凛,凭,出,击,凿,刊,刑,判,利,刮,到,刷,刺,剧,剩,劈,功,励,劲,劳,势,勃,勒,勤,匪,匹,医,匾,千,干,升,午,半,华,卒,南,卡,卦,危,却,厅,历,厉,压,厌,厕,厘,厚,原,厢,厨,变,叛,古,吭,启,吵,呆,呢,周,呻,咆,和,咕,咸,哀,响,哎,哗,哥,哪,哮,哲,唇,唐,唠,售,唯,唾,啡,啥,喇,喉,喊,喜,喳,嗓,嗜,嗦,嗽,嘉,嘲,嘶,嘿,噩,囊,困,固,土,士,工,圣,在,场,圾,均,坊,坏,坑,坚,坛,坝,赤,坞,坟,坠,坡,坪,坷,垂,垃,垄,型,垒,垛,垢,垦,垫,垮,埂,埃,埋,城,域,埠,培,堆,堡,堤,堪,堰,塌,塔,塘,填,境,墅,墓,墙,增,墨,墩,壁,壕,壤,壮,声,壳,壶,壹,太,犬,夫,失,奇,奔,套,奸,妓,妖,妙,妹,姑,姓,委,姚,姜,姥,娃,娄,娜,婶,婿,媒,媳,嫂,嫉,嫌,嫩,嬉,孝,孽,宋,审,室,宪,宰,宽,宾,宿,密,寝,寺,封,尉,尘,尤,支,就,尸,尺,尼,尾,屁,层,居,屈,屉,届,屋,屎,屏,屑,展,屠,屡,履,岔,岳,岸,峦,崇,崎,崖,崩,崭,嵌,巍,巢,左,巧,巩,差,帚,带,席,帮,年,并,幸,幽,广,庄,庆,庇,床,序,底,庙,府,庞,度,座,庭,庵,庶,廉,廊,廓,弃,弄,弊,弯,形,彩,彬,彭,彰,往,径,待,徒,循,德,志,怎,思,性,怪,总,恃,恋,恐,恕,恬,悉,悲,悴,悼,惜,惭,想,惹,愁,愉,感,愿,慌,慕,慧,慰,憔,憨,憾,懒,懦,截,戳,戴,扁,扇,才,扫,扬,扯,扳,扶,抒,抖,折,抚,护,报,抹,拄,拆,拇,拌,拐,招,拜,择,括,拴,拾,挚,挤,挥,挪,捅,捆,捍,捞,损,捧,据,捶,捷,掀,探,推,掰,掷,揉,揍,描,提,插,握,揪,揭,搁,搂,搓,搔,搜,搞,搪,搭,携,摆,摇,摊,摔,摧,摩,摸,撒,撕,撬,撮,撵,撼,擂,擎,擒,攀,攒,攻,救,教,敢,散,敬,数,整,斑,斗,料,斜,斟,斥,斧,斩,断,斯,新,旷,昔,星,映,昧,昨,昵,晋,晕,普,晰,暂,暇,暑,曙,曹,替,朝,朦,木,未,末,本,术,朱,朴,朵,机,朽,权,杆,杈,杉,李,杏,材,村,杖,杜,杠,束,来,杨,杭,杯,杰,松,板,极,构,枉,析,枕,林,果,枝,枪,枫,枯,架,枷,柄,柏,某,柑,柒,染,柔,柜,柠,查,柬,柱,柳,柿,栅,标,栋,栏,树,栓,栖,栗,校,株,样,核,根,格,栽,桂,桃,桅,框,案,桐,桑,档,桥,桦,桩,桶,梁,梅,梆,梗,梢,梦,梧,梨,梭,梯,械,梳,检,棉,棋,棍,棒,棕,棚,棠,森,棱,棵,棺,椅,植,椎,椒,椭,椰,椿,楔,楚,楞,楣,楷,楼,概,榄,榆,榔,榕,榛,榜,榨,榴,槐,槽,樊,樟,模,横,樱,橄,橘,橙,橡,橱,檀,檐,檩,檬,欣,款,歉,歌,此,歧,殃,殊,段,殿,毁,毕,氢,汗,江,汪,沐,沫,沽,注,洗,活,洼,济,浑,浙,浦,浸,涌,涝,涮,涯,淋,淘,淫,淮,深,清,渊,渐,渡,渣,渤,湃,湘,湾,湿,滓,滞,满,滩,漆,漏,漱,漾,潜,澄,澎,澜,濒,灌,炸,烟,烦,焚,焦,然,煎,煞,煤,熏,熙,熬,燃,燥,牍,牙,牛,牡,牢,牧,物,牲,牵,特,牺,犀,犁,状,犹,狂,狐,狱,猫,猬,献,率,玉,王,玖,玩,玫,环,现,玲,玻,珊,珍,珠,班,球,琅,理,琉,琢,琳,琴,琼,瑞,瑟,瑰,璃,璧,瓢,瓣,瓶,甜,生,甥,男,画,畔,略,畸,疆,疙,疚,疟,疤,疫,疮,疯,疲,疹,疼,疾,病,症,痊,痒,痕,痘,痛,痢,痪,痰,痴,痹,瘟,瘤,瘦,瘩,瘪,瘫,瘸,瘾,癌,癞,癣,登,百,盐,盛,相,盾,眉,眶,睡,督,睦,睬,睹,瞄,瞒,瞧,瞪,瞬,瞭,瞻,知,矩,矫,短,矮,矾,矿,码,砂,砖,砚,砾,硕,碎,碑,碟,碧,碴,碾,磅,磨,磷,磺,礁,社,祈,祟,祷,禀,禁,离,禽,禾,秀,私,秃,秆,秉,秋,种,科,秒,秕,秘,租,秤,秧,秩,秫,积,称,秸,移,秽,稀,程,稍,税,稚,稠,稳,稻,稼,稽,稿,穆,穗,窑,窒,窜,窟,窥,窿,章,竹,竿,笙,筐,箱,篇,篓,篱,籍,米,籽,粉,粒,粗,粘,粟,粤,粥,粮,粱,粹,精,糊,糕,糖,糙,糜,糟,糠,素,索,红,纤,约,纱,绅,绊,绎,经,绒,给,绣,继,绩,绪,续,维,缅,缕,编,缠,缭,缰,缸,缺,罐,罕,罢,罩,羊,美,羔,羡,群,羹,翅,翔,翠,翩,翻,翼,耀,老,考,者,而,耐,耕,耗,耘,耙,聋,联,聘,聚,聪,肆,肩,肮,胖,胜,胧,脆,脏,腊,腐,腹,腾,膛,膝,膨,臀,臂,臊,至,致,舌,舍,舒,舞,艳,艺,艾,节,芍,芒,芥,芬,芭,芯,花,芳,芹,苍,苏,苔,苗,苞,苟,若,苦,苫,苹,茁,范,茄,茧,茫,茬,茴,茵,茶,茸,荐,荒,荔,荚,荞,荠,荡,荣,荤,荧,药,荷,荸,莱,莲,获,莹,莺,莽,菇,菊,菌,菜,菠,菩,菱,菲,萄,萌,萍,萎,萝,萤,营,萧,萨,落,著,葛,葡,董,葫,葱,葵,蒂,蒋,蒙,蒲,蒸,蒿,蓄,蓉,蓖,蓝,蓬,蔗,蔚,蔫,蔬,蔼,蔽,蕉,蕊,蕴,蕾,薇,薛,薪,藐,藕,藻,蘑,蘸,蚌,蚜,蚪,蚯,蛀,蛙,蛛,蛮,蜘,蜻,蝉,蝌,蝙,蝴,蝶,融,螺,蟀,蟋,蠕,衅,街,衡,表,袁,袄,袜,袱,装,裙,裸,裹,褂,褒,褥,褪,襟,规,解,触,警,譬,讲,许,评,诈,译,诗,话,诡,诱,诺,谁,谋,谍,谎,谓,谜,谣,谦,谨,谭,谴,贼,贾,贿,赃,赖,赘,赚,赞,赡,赦,赫,走,赴,赵,赶,起,趁,超,越,趋,趟,趣,跋,跌,跛,跨,跪,路,跺,踩,踱,蹂,躁,躏,车,软,轰,载,辈,辉,输,辕,辙,辛,辜,辞,辟,辣,辨,辩,辫,辱,述,迷,迹,适,选,透,逝,速,逸,遍,道,遗,遣,遥,遭,遮,避,邢,那,郑,酌,酥,醇,醉,醒,采,释,铁,链,锈,锉,锌,锚,锤,锥,锨,锯,锹,锻,镀,镐,镣,镰,镶,闲,闹,闺,阱,陌,降,陡,陵,隆,随,隐,障,难,雀,雁,雄,雅,集,雇,雌,雏,雕,雪,雳,零,雷,雾,需,震,霉,霍,霎,霜,霞,露,霸,霹,静,非,靠,靡,面,革,鞋,鞠,鞭,韭,顶,顷,项,顽,顾,顿,颁,预,颅,领,颇,颈,颊,频,颓,颖,题,额,颠,颤,飘,饰,饼,馅,香,驮,驯,驹,驻,骄,骑,骗,骡,骤,鬓,魁,魄,魏,魔,鲜,鲤,鳄,鳍,鳞,鸭,鹤,鹰,鹿,麦,麸,麻,黍,黎,黑,黔,默,鼎,鼓,齐"
1,PN,2255,100,"东,个,义,乐,乔,乘,交,亥,亦,亲,人,入,八,今,介,仑,仓,令,以,仪,价,企,众,会,伦,伶,余,供,依,侨,俄,俗,俱,偎,傲,傻,僚,兆,六,文,共,兴,具,典,冀,冈,风,冰,冷,凑,凛,凝,函,分,划,创,刹,刺,刻,剂,剥,办,募,匆,区,协,卒,卤,原,参,叙,吟,吩,含,吹,员,呕,咏,咙,咬,咳,哀,哄,唆,唤,啄,商,喷,嗅,嗦,嗽,嘁,嘶,噪,坎,贡,垄,城,域,塞,填,壤,天,夭,夯,头,奈,奏,契,奔,奕,奖,套,奠,奥,姿,威,娇,娘,嫉,孩,宗,宠,寂,寞,察,寨,尉,小,尔,尖,尿,岔,岖,岗,峻,崇,嵌,巫,巷,希,帘,庞,弊,录,彬,很,徐,微,必,念,忿,恨,恭,恼,悴,惑,惧,愈,愤,慎,慕,慰,慷,懊,戈,戏,成,我,戒,或,战,戚,截,戳,戴,承,抹,拢,拣,挑,挖,换,捺,捻,控,掺,揍,摔,摩,撕,撩,撰,操,擎,擦,攀,攒,收,改,放,政,效,敏,救,教,敛,敞,散,敦,数,整,敷,斜,斟,旅,族,昧,暮,暴,杀,杂,条,林,枚,枢,枣,柴,标,栈,栋,校,株,核,根,桃,桥,桨,桶,梦,梨,械,棋,棕,棘,森,棵,楔,楚,榕,榛,榨,樊,模,横,橘,檩,欠,次,欢,欣,欲,歉,残,殿,毅,毯,氛,氮,水,求,泌,泰,泵,洪,派,浅,浆,浪,浴,涤,涵,淋,深,添,渠,溃,溅,源,溪,滨,漂,漆,漓,演,漠,漱,漾,潦,澈,澡,澳,瀑,灰,灵,灸,灾,炎,炭,炼,烁,烘,烫,焚,熬,燎,爆,父,爹,爽,狠,狡,狼,猴,猿,率,珠,琐,琢,琳,瑟,璃,瓢,瓮,畏,疑,疯,疾,痕,痴,瘸,盆,益,盏,盔,真,眯,瞭,矢,矫,砍,砾,碌,碘,碱,碳,碾,磨,磺,示,祟,票,禀,禁,离,禽,秘,秦,秫,积,穴,闪,究,穷,空,穿,突,窃,窄,窍,窑,窖,窘,窝,窟,窥,窿,竣,竭,笑,笨,笼,筏,策,篱,簇,簸,籍,类,粪,粮,糜,糠,系,紊,素,索,紧,紫,累,絮,繁,纲,纷,纹,线,练,织,绒,绞,综,绿,缤,缭,缴,罕,羡,翁,翎,翠,翼,耸,聋,肉,胧,胶,脊,脐,脑,腐,腔,腿,膜,膝,臀,臭,舆,良,苏,英,茂,茶,荚,荞,荣,荧,莫,莱,莽,葵,蓉,蔑,蔚,蔽,薇,薪,藏,藤,蚊,蛛,蛾,蜈,螟,螺,蟀,蟆,衣,袁,袍,袭,裁,裹,襟,议,论,讼,讽,诊,诚,该,诫,豫,贞,责,贤,货,质,贪,贫,贯,贱,贵,贷,贸,费,贼,贾,赁,资,赊,赏,赘,赛,赞,越,跟,跳,践,躯,躲,载,较,辰,迈,这,迹,退,送,透,递,途,逮,邀,邻,郊,金,鉴,钦,钱,银,镇,镶,阀,际,限,陨,隘,隙,隧,零,靡,页,颁,颂,领,频,颠,飘,飞,食,餐,饮,饺,馍,驱,驳,骡,骤,魔,鸥,鸯,麻,黄,黍,黎,龙"
1,SZ,2256,97,"丙,两,中,临,丸,凡,九,儿,几,事,五,亩,京,亭,亮,仅,他,仲,伊,伍,伯,伺,似,佃,但,何,你,佣,佩,使,侣,侦,侯,便,促,俗,信,俩,俺,倔,倘,候,倚,倡,倾,偎,做,偷,傅,僚,僵,儡,免,兔,兜,典,兽,冀,内,贝,册,再,冕,冯,冲,决,冶,凉,减,凛,凯,凰,凸,则,制,剔,剿,加,助,勇,勉,勋,募,勤,匙,匿,卑,卓,单,博,占,卧,厦,反,叛,口,句,另,叨,只,叫,召,叭,叮,叶,用,甲,申,可,台,史,田,由,右,石,号,甩,电,司,叹,叼,叽,吁,吃,各,名,吆,合,吉,吊,同,吕,后,吐,向,吓,君,吝,吞,吠,吧,吨,含,听,吭,吮,吱,吴,吻,吼,呀,呈,肛,告,呐,呛,呜,呢,周,味,呵,呼,命,咆,咐,咒,咙,咨,咱,咳,咸,咽,品,哄,哆,哈,响,哑,显,哗,哟,哥,哨,哩,哭,哮,哺,哼,唁,唇,唉,唠,唤,唧,唬,售,唱,唾,啃,啄,商,啊,啤,啥,啦,啰,善,喇,喉,喊,喘,喜,喝,喳,喻,嗅,嗓,嗜,嗡,嗤,嘀,嘁,嘉,嘱,嘹,嘿,器,噩,噪,嚎,嚣,嚷,囊,囚,四,回,因,团,囤,园,困,围,固,国,圃,圆,圈,坑,坡,坤,坦,垛,埋,埠,堤,堰,堵,塌,塔,墅,墙,增,处,央,够,奄,奇,奋,契,奕,奠,奢,奥,如,始,娩,娱,婆,婚,婴,嫡,嫩,嬉,孵,安,客,宣,宦,宴,宵,容,寂,寄,富,寒,寞,寡,尚,就,局,属,山,屿,岂,岖,岩,峭,峰,峻,崎,崖,巢,币,市,布,帅,帆,师,帐,帖,帘,帜,帮,常,帽,幅,幌,幔,幕,店,废,康,庸,弛,弹,强,归,旧,彪,影,役,彼,徊,得,快,念,恐,恨,恩,恰,恶,悄,悟,您,悼,情,惊,惠,惦,惫,惯,惰,惹,愉,愕,愚,感,愧,愿,慌,慢,慨,慷,憎,憾,懂,懊,懒,报,披,拍,拓,拘,拙,招,拾,拿,挽,捂,捐,损,捣,捻,掂,掉,掏,掘,掩,措,掸,描,揣,揩,揭,揽,搀,搅,搏,搔,搞,搭,摆,摘,撩,播,擂,擅,操,擎,故,敌,敬,敲,整,敷,旁,既,日,月,旦,早,旬,昆,昌,明,昏,易,昙,春,昭,是,晌,晒,晕,晚,晤,晨,景,晴,晶,智,晾,暑,暮,暴,曙,曲,更,有,服,朗,朵,束,枷,柬,格,桌,桐,桶,梗,梧,梳,棠,椅,椿,楷,概,榄,榆,榕,榴,槐,模,横,樱,橘,檀,檐,檩,欲,歇,歌,殷,毫,汉,汛,河,治,沼,沾,沿,泊,波,泥,泵,泼,泽,洁,洒,洛,洽,流,浦,浩,浴,消,涌,涣,润,涧,涮,淆,淌,淳,淹,温,渴,湖,溃,溉,源,溜,溯,溶,滑,满,滤,滥,滴,漏,演,漠,漫,漱,潘,潦,澄,澈,澜,澡,澳,激,灌,炕,炭,点,烙,烛,焕,煎,煮,熄,熔,熟,燎,燕,版,牌,狈,狗,狞,独,狮,狸,猎,猖,猛,猜,猪,猫,猬,猴,猾,玷,玻,理,琉,琼,瓣,瓤,甜,甫,画,界,畏,畔,留,畜,略,番,畴,畸,疆,疏,疲,痛,痪,痴,瘟,瘤,瘪,瘸,癌,癞,癣,白,的,皆,皮,皱,盅,监,盒,盗,盘,盟,盲,着,睛,瞄,瞎,瞒,瞭,瞻,知,短,矾,矿,码,砌,砚,砰,砸,硕,硝,硫,硬,确,硼,碉,碍,碎,碑,碗,碘,碟,碧,碱,碳,碾,磁,磨,磺,祖,祝,神,祠,祸,禀,福,稀,稠,稿,穗,窒,窖,窗,窘,窥,竖,站,端,笛,笤,筒,答,筛,筷,简,箍,篙,篮,簸,粘,粤,粱,精,糊,糖,糙,糯,紧,累,絮,纳,绅,细,织,绍,结,给,络,绢,绰,绳,绵,绸,缆,缨,缩,缭,缰,缴,缸,缺,罐,网,罢,置,署,翼,耍,耽,聊,职,肉,肌,肖,肥,肮,肯,育,肴,肺,肾,胀,胃,背,胎,胖,胡,胰,胳,胶,脂,脉,脏,脑,脓,脖,脯,脾,腌,腐,腮,腰,腺,腻,腾,腿,膀,膏,膘,膛,膜,膨,膳,臀,臂,臣,舅,舆,舟,航,舰,舵,舶,舷,船,艘,苔,苗,苛,若,苫,茄,茅,茎,茧,茴,草,荒,荣,荷,莫,菠,萌,萤,营,落,葛,葡,葫,蒙,蒲,蒿,蓝,蔬,蔼,蕊,蕴,蕾,薯,藏,藕,蘑,蘸,虑,虫,虽,虾,蚀,蚁,蚂,蚌,蚓,蚕,蚣,蚤,蚪,蚯,蛀,蛇,蛉,蛔,蛛,蛤,蛮,蛹,蛾,蜀,蜂,蜈,蜒,蜓,蜕,蜗,蜘,蜜,蜡,蜻,蝇,蝉,蝌,蝎,蝗,蝙,蝠,蝴,蝶,螟,螺,蟀,蟆,蟋,蟹,蠢,衙,衡,衷,袖,被,裕,裳,裸,褐,西,观,规,视,览,角,言,誉,誊,誓,警,譬,识,词,询,语,误,诵,请,诸,诺,课,调,谅,谆,谊,谎,谒,谓,谨,谭,谴,谷,豁,豫,负,贩,贬,贰,贱,贴,贵,贺,贿,赂,赊,赌,赎,赐,赔,赖,赚,赠,赡,赢,趟,足,趴,跃,跋,跌,跑,跛,距,跨,跪,路,跳,践,跷,跺,踊,踏,踢,踩,踪,踱,蹂,蹄,蹈,蹋,蹦,蹬,蹭,蹲,躁,躏,身,躲,躺,轴,辅,辆,辐,辑,输,辙,辣,迫,追,递,通,逞,速,造,逻,逾,遇,遗,遣,遭,遵,邀,邑,邦,郁,都,鄙,酪,酷,醋,醒,里,重,量,钝,钠,铆,铜,铝,铭,铺,销,锁,锅,错,锚,镐,镣,门,闭,问,闯,闰,闲,间,闷,闸,闹,闺,闻,闽,阀,阁,阎,阐,阔,阳,阿,陆,陋,陶,隅,隔,雕,雨,雷,雹,露,青,靖,靴,靶,鞋,鞍,鞠,鞭,顺,须,颂,颇,颓,颗,题,颜,额,颤,饥,饭,饱,饲,饶,馆,馋,馍,馏,馒,驰,驶,驼,驾,骂,骆,骚,骨,高,鬼,魁,魂,鱼,鲁,鲜,鲤,鲫,鲸,鳄,鳍,鳖,鳞,鸠,鸣,鸵,鸽,鹃,鹅,鹊,鹏,鹦,黄,鼎,鼻,龟"
2,HGT,2111,76,"扎,扑,扒,打,扔,托,扛,扣,执,扩,扭,扮,扰,扶,批,扼,找,技,抄,把,抑,抓,投,抖,抗,折,抛,抠,抡,抢,护,披,抬,抱,抵,抹,押,抽,拂,担,拌,拍,拒,拓,拔,拖,拗,拘,拙,拟,拢,拣,拥,拦,拧,拨,括,拭,拯,拱,拴,拷,拼,持,挂,指,按,挎,挑,挖,挟,挠,挡,挣,挤,挥,挨,挪,挫,振,挺,挽,捂,捉,捌,捍,捎,捏,捐,捕,捞,捡,换,捣,捧,据,捶,捷,捺,捻,掀,掂,授,掉,掏,掐,排,掖,掘,掠,探,控,推,掩,措,掸,掺,揉,揍,描,提,插,揖,握,揣,揩,揪,援,揽,搀,搂,搅,搏,搓,搞,搬,摄,摇,摔,摘,摧,摸,撇,撑,撒,撕,撞,撤,撩,播,撰,撵,撼,擅,操,擒,擦,攒,攘,浙,热,蛾,鹅"
1,NN,2257,67,"举,买,乳,俘,俭,僚,儒,冬,剑,卖,叉,发,受,哭,嘿,嚼,图,墨,夜,妥,媳,孤,学,孵,实,寒,尽,应,废,庶,弧,心,忌,忍,忘,忠,念,忽,忿,态,怒,怠,急,怨,恋,恐,恩,恶,悉,悠,患,您,悬,悲,惑,惠,惩,想,惹,愁,意,愚,感,愿,慈,慧,慰,憋,憨,憾,懦,拨,捡,捻,授,掖,搀,摇,撩,擂,擒,敛,杰,枣,柒,染,梁,检,汁,汇,汛,江,汰,汹,汽,沙,沛,沥,沟,没,沦,沧,沪,沮,沸,油,治,沽,沿,泄,泊,泌,泛,泞,泡,泣,泥,注,泪,泳,泽,洋,洒,洗,洛,洞,洪,洲,洼,流,浇,浊,测,济,浑,浙,浩,浪,浮,浴,海,浸,涂,涉,涎,涕,涛,涝,涡,涣,涤,润,涧,涨,涩,涮,涯,液,涵,淀,淆,淋,淌,淑,淘,淡,淤,淫,淮,淳,混,淹,添,清,渊,渔,渠,渡,渣,渤,温,港,渴,游,渺,湃,湖,湘,湾,湿,溃,溅,溉,源,溜,溢,溪,溯,溶,溺,滋,滑,滓,滔,滚,滞,满,滤,滥,滨,滩,滴,漂,漆,漏,漓,演,漠,漩,漫,漾,潘,潜,潦,潭,潮,澈,澎,澜,澡,澳,激,濒,瀑,灌,炉,点,烂,烈,烫,热,烹,焦,然,煎,煞,照,煮,熄,熊,熏,熙,熟,熬,燃,燕,爱,爵,瓜,瓢,瓤,疼,瘾,瞭,祭,稳,稻,签,粱,糯,终,缓,缭,脸,腋,腮,舀,芯,菜,葱,蒸,蔗,蔫,蕉,蕊,蕾,藐,虑,蚪,蠕,衍,衩,觅,誉,读,谣,豹,豺,貌,赎,踩,蹈,达,返,还,迟,逊,遥,遮,酒,镣,险,雪,零,需,霉,霎,霞,馁,馋,验,鸿,黑,黔"
1,ZH,2258,63,"且,丝,串,之,乌,乏,争,互,享,低,佛,假,停,健,兼,兽,冬,净,凳,刁,刨,别,剥,副,割,务,勒,印,厦,吏,吗,呜,咆,咖,响,哎,啸,啼,喂,嘲,嚎,圈,垢,垦,墩,壕,备,夷,妒,婚,嫌,子,马,孔,氏,孽,官,宫,害,导,尽,局,屋,屠,巡,巨,己,已,弓,庐,底,庭,廉,廓,延,建,异,引,弛,弟,张,弥,弦,弧,弱,弹,强,当,录,忌,忠,恳,患,憨,户,计,房,抬,拂,拐,挡,挣,捌,搞,撮,撰,撵,改,昏,星,暇,曾,朗,朝,柏,档,梯,棺,植,榔,橄,歉,殉,殖,民,氓,沪,沮,沸,沼,泛,泡,涎,涕,涨,港,溺,潮,灵,炮,烹,照,熙,狰,猿,玛,畦,疆,疟,疼,皱,眠,眨,睁,瞎,矩,破,碌,秸,稿,窿,笋,第,筒,筝,管,箫,篙,粥,粮,糟,纠,纪,纯,练,组,绊,结,绕,绘,绝,统,绣,绰,绿,缀,缓,缔,缕,缝,缤,缨,缩,缴,罩,肃,胞,膏,芝,芦,苞,英,莲,营,萧,蒿,蓉,蓬,薛,藻,虽,蚂,蚤,蛋,蜒,蜓,蟹,袍,裆,褪,譬,订,讨,讯,记,诀,评,诅,诞,诬,谐,谜,谦,谱,谴,豁,豪,贬,费,赚,起,趋,跑,距,躬,辖,边,辽,迁,迅,过,迎,运,近,返,进,违,连,述,迷,追,适,逃,逆,选,逐,递,途,逗,通,逛,逝,逞,速,造,逢,逮,逸,逼,逾,遂,遇,遍,遏,道,遗,遣,遥,遭,遮,邀,郭,配,醇,钻,铅,键,镐,镰,阻,随,雇,雏,雪,雹,雾,霞,霸,霹,静,革,鞭,颖,饱,馆,驴,驹,骚,骡,鲤,鳄,鸟,鸣,鸭,鹃,鹅"
1,ZN,2259,63,"专,云,丢,久,及,夕,习,会,侍,侵,俊,傅,傻,公,冠,凌,凤,动,努,劫,博,即,去,叁,又,双,叔,取,受,叙,叠,啰,嗓,嗦,嚼,垒,塌,夏,外,夺,奴,姆,娶,寇,寝,导,寿,将,尊,尝,岁,巍,帐,幔,幻,廊,式,张,徽,忧,怎,怯,恃,息,愧,慢,扳,抵,拭,授,援,搏,搬,摄,摆,撮,敲,既,暖,最,服,松,板,构,桑,桨,梦,梳,棱,椒,概,槐,武,歧,殴,段,殷,殿,毁,毅,母,氮,没,法,流,浆,浸,涛,涨,淑,溉,漓,漫,炫,爵,玄,璃,瓦,瓮,瓶,瓷,畴,疚,疫,瘤,砖,破,硫,碍,祷,离,移,秽,等,筹,篡,篱,紊,素,索,紫,絮,繁,级,缀,缎,缚,翁,翼,耘,聂,聚,股,肢,胀,腻,膊,致,般,舷,艰,菱,蒋,薄,蚣,讼,设,试,诗,谆,谜,谱,账,购,贰,趣,跋,蹋,蹲,转,轰,迂,迄,郎,酱,酸,钩,铸,锻,镊,长,陵,预,颈,餐,馒,骏,骤,鬼,魂,魏,魔,鸡,麦,麸,鼠"
2,NNS,2112,63,"俭,剑,应,捡,敛,检,汁,汇,汰,汹,沛,沥,沟,没,沦,沧,沪,油,泄,泌,泞,泣,泳,洋,洗,洛,洞,洪,流,浇,浊,浑,浙,浩,浪,海,涉,涎,涕,涛,涝,涡,涣,涤,润,涧,涨,涩,液,涵,淀,淆,淑,淘,淡,淤,淫,淳,清,渊,渔,渡,渣,渤,温,港,渴,游,渺,湃,湾,湿,溃,溉,源,溜,溪,溯,溶,溺,滋,滑,滓,滔,滚,滞,满,滤,滥,滨,滩,滴,漂,漆,漓,演,漠,漩,漾,潘,潜,潦,潭,潮,澈,澎,澜,澡,澳,激,濒,瀑,烂,签,脸,衍,酒,险,验"
1,SN,2261,60,"不,丛,书,从,仪,们,伙,似,你,依,债,停,储,催,兆,准,凉,劣,卜,否,咐,售,唯,嘹,坐,堂,堆,外,夷,姨,姻,婴,孙,少,就,巫,座,弥,当,影,徽,忆,忙,忧,怀,怔,怕,怖,怜,性,怪,恃,恍,恢,恤,恨,恼,悍,悔,悟,悦,悯,悴,情,惊,惋,惕,惜,惦,惧,惯,惰,惶,愁,愉,愕,愤,愧,慌,慎,慢,慨,慰,慷,憎,憔,懂,懈,懊,懦,截,戳,抄,抓,挡,挫,掠,推,携,摊,摧,撇,撒,撼,晾,杯,柄,栖,档,椎,樱,欺,歪,洲,涡,淡,淮,渺,滩,激,濒,灌,火,灭,灶,灼,灿,炊,炒,炕,炫,炬,炮,炼,烁,烘,烙,烟,烤,烧,焕,焙,焦,焰,煌,煤,熄,熔,燃,燎,燥,爆,爽,琐,病,痰,瘫,瞧,碎,礁,祷,秋,称,稚,粹,纵,绩,维,缨,罐,翰,耀,耿,胁,胚,膘,舔,蔚,蕉,蘸,蜗,裆,诉,诬,谁,谅,谈,财,败,购,贮,贴,赔,赢,赦,跃,躏,酱,醉,钞,钠,铡,铺,锁,锅,锉,锥,锹,镣,镰,院,隧,难,雀,雁,雄,雅,集,雇,雌,雏,雕,霍,颖,驶,鳖,鹤,鹦,鹰"
1,HH,2260,59,"三,上,丑,举,二,于,亏,仁,伟,传,值,健,僧,再,冒,凰,刽,北,匿,厢,叁,唧,唱,啃,喧,喳,嗅,嚷,坯,垮,夸,奉,奏,奠,妇,姊,姐,姨,季,宣,寻,寿,峰,崩,帽,幢,建,影,律,徘,悍,惧,想,惶,憎,手,毛,扫,押,担,拦,拳,拼,拿,挎,挚,捏,掌,排,摩,摹,撑,撞,撬,撮,擎,攀,斟,新,旱,肝,映,春,昨,晌,晦,智,晾,朋,期,柑,查,栏,样,棋,棍,棚,棵,椒,椰,槽,橱,武,毒,气,氢,氧,氨,氯,污,汽,津,淑,渠,渣,湘,瀑,焊,煌,熏,爆,猴,玛,玷,球,琐,畴,皇,相,看,眠,着,瞳,碴,租,秦,程,童,算,篡,篷,粤,糖,糠,纬,绑,绘,绷,缅,缝,罪,羞,耕,耗,耘,耳,耸,聂,聋,职,肄,肆,胀,胆,胯,胳,胶,脊,脐,脑,臭,舆,舞,茸,菲,葛,董,蓖,蓬,虐,蚕,蛆,蜂,蝇,蝗,蠢,行,衔,街,衙,衡,让,讳,诽,赢,跨,蹭,蹲,辈,辱,违,逢,遵,鄙,酪,酷,量,针,钉,钓,钙,钝,钞,钟,钠,钢,钥,钦,钧,钩,钮,钱,钳,钻,钾,铁,铃,铅,铆,铐,铛,铜,铝,铡,铣,铭,铲,银,铸,铺,链,销,锁,锄,锅,锈,锉,锋,锌,锐,错,锚,锡,锣,锤,锥,锦,锨,锭,键,锯,锰,锹,锻,镀,镇,镊,镐,镜,镰,镶,隶,雌,雹,雾,靠,靡,面,韧,顽,馅"
1,SG,2263,55,"丹,丽,也,亿,仍,任,伸,例,俏,俱,偶,偿,傀,傍,储,催,像,党,具,冒,冕,冗,写,军,农,冠,冤,刘,刚,创,删,刨,刹,剂,剃,削,前,剔,剖,剩,剪,副,割,剿,匣,卵,卿,厕,厘,县,叠,吗,吟,呐,咏,咧,咨,咱,哟,哨,哪,唆,唬,唱,啊,啡,啸,啼,喂,喘,喝,喧,喷,喻,嗦,嗽,嘱,嘲,嘴,嘶,嘹,嘿,嚎,嚼,圃,埂,堂,堕,塑,塞,填,墓,墨,壕,壤,备,复,夏,够,姻,婆,婉,婶,媚,嫁,存,宁,它,宅,宇,守,官,宙,定,宛,宜,宝,宠,审,客,宫,宰,害,宴,宵,家,宾,宿,寄,密,寇,富,寓,寝,寞,察,寡,寥,寨,射,尊,尝,屑,属,屠,崔,崩,巾,希,帕,帖,帝,带,常,幢,庵,弊,德,忱,怕,思,恒,息,恳,悬,惋,惕,惫,愈,慎,慕,憋,懈,所,抚,指,按,挥,捅,捎,捕,掌,掘,掰,揣,揪,搁,搅,搬,摸,摹,撇,撑,撤,擦,攘,敞,斋,旨,旭,昂,昼,晃,晋,普,景,晶,暂,暑,暮,曙,曼,替,最,朋,望,期,朦,果,柳,案,梢,棚,棺,榜,橡,檬,欣,欧,欺,款,歇,歌,殉,氨,池,汤,沃,沈,沉,泉,波,泪,泻,派,浓,涮,淀,混,渔,滓,滞,滨,漂,潜,潭,潮,灯,烈,熊,熏,熟,牵,猩,瓷,甸,畅,畦,皂,益,盗,目,直,盹,省,看,真,眷,督,睹,瞬,矗,研,础,硅,硝,硫,碌,碧,碴,磅,磕,稍,稼,稽,穗,窜,筋,筑,管,箩,箭,簿,糯,纯,绪,绷,绽,缔,缚,缤,缩,罗,罚,罪,置,翰,者,肋,肘,肚,股,肢,肤,肪,肿,胁,胆,胚,胯,胳,胸,能,脐,脚,脱,脸,脾,腊,腋,腌,腔,腕,腥,腹,腺,腻,膀,膊,膛,膝,膳,臊,自,舔,舞,般,舱,舵,舶,艇,艘,苟,荆,荐,荤,莉,莹,著,董,蒂,蓄,蔓,蔽,薄,薯,藤,藻,虱,虹,蚊,蚜,蛆,蛇,蛔,蛙,蛤,蛹,蜀,蜜,蝠,螃,螟,蟋,蠕,袒,裂,覆,觉,解,谊,谐,谢,谤,谭,豁,豌,象,豪,贮,赁,赏,赛,超,趾,踪,蹄,躬,躯,躺,辉,辖,逻,逼,遏,邮,酌,酒,酣,酥,酬,野,量,铡,锦,锨,锭,镇,镶,阐,阔,阴,需,非,鞍,韩,额,颠,馆,首,骑,骨,髓,鬓,魔,鲁,鲸,鳖,鹤,黑,黔,默"
1,SH,2262,55,"临,乓,代,件,伐,侥,倾,儡,其,冀,凝,凹,勘,匠,卓,卢,取,叠,听,咐,哄,唬,嗤,嘁,嘶,块,垢,基,堪,堵,塞,壁,娶,孟,寒,屹,岁,岳,崔,崭,巴,幔,库,廷,彪,彻,徘,徙,微,徽,恒,恢,恤,悠,慢,憋,憨,懈,戚,戴,抽,拆,挂,挺,捉,捏,掉,掐,排,控,插,揖,揽,摄,撇,撒,撕,撮,敢,散,斟,斤,断,斯,旅,族,旗,时,旷,旺,昭,昵,晒,晓,晤,晰,暇,暖,暗,曲,曼,最,期,桌,楚,楞,榄,横,橄,欺,毁,毡,汞,泄,泣,洪,港,渺,溢,滔,滤,滥,漩,潭,灶,烤,焰,照,燕,爬,片,版,牌,牍,牺,猩,班,琐,琴,瑟,甘,甚,甜,甥,畦,畸,疑,疙,疤,皿,盅,盆,盈,盏,盐,监,盒,盔,盖,盗,盘,盛,盟,盯,盹,盼,眨,眯,眶,眼,睁,睛,睡,睦,睬,睹,瞄,瞎,瞒,瞧,瞪,瞬,瞭,瞳,瞻,短,础,硅,磕,稻,窍,笆,符,笼,筏,箕,篇,篮,簸,籍,粒,绰,缅,缆,缎,罪,署,耐,耙,耳,耸,耻,耿,聂,聊,职,联,聘,聚,聪,肯,背,腥,膘,臼,舀,艇,艘,色,艳,芋,芙,芜,芽,苇,茁,茉,茸,荆,莉,菲,蒜,蓝,蔓,蔽,蕴,薇,薪,薯,虎,虑,虚,蛋,蝙,蟹,蠕,蠢,血,衅,袋,袖,裁,裤,褂,要,覆,览,触,誓,诉,诞,诽,贷,赴,趟,趣,蹈,辈,辑,配,酗,酝,酣,酵,酸,酿,醇,醉,醋,醒,鉴,钳,铲,锌,错,锰,镊,镜,闻,阎,阵,附,陷,隘,靠,靡,面,顺,饵,骤,髓,魄,鹿,黄"
2,SZH,2113,55,"中,事,五,亩,京,亭,亮,仲,伊,伍,伯,伺,佃,但,何,佣,佩,使,侣,便,促,俗,信,俺,倚,倡,做,偷,傅,僚,僵,儡,免,兔,兜,兽,冀,冕,冲,决,冶,凉,减,凛,凯,凸,剔,剿,加,助,勇,勉,募,勤,匙,匿,卑,卓,单,博,占,厦,口,句,另,叨,只,叫,召,叭,叮,叶,用,甲,申,可,台,史,田,由,右,石,号,甩,电,司,叹,叼,叽,吁,吃,各,名,吆,合,吉,同,吕,后,吐,吓,君,吝,吞,吠,吧,吨,吭,吱,吴,吻,吼,呀,呈,肛,告,呛,呜,味,呵,呼,命,咐,咒,咙,咳,咸,咽,品,哄,哈,哑,显,哗,哟,哨,哩,哭,哮,哺,哼,唁,唇,唠,唤,唧,售,唱,唾,啃,啄,商,啊,啤,啥,啦,喉,喊,喘,喜,喝,喻,嗅,嗓,嗜,嗡,嗤,嘀,嘁,嘉,嘱,嘹,嘿,器,噩,噪,嚎,嚣,嚷,囊,因,团,囤,园,围,国,坤,坦,埋,埠,堤,堰,堵,塌,塔,墅,墙,增,处,央,奄,奇,奋,奢,如,始,娩,娱,婚,嫡,嬉,客,宣,宦,宴,宵,容,寄,富,寒,寞,寡,就,属,岂,岩,峭,崎,帖,帜,帽,幅,幌,幔,幕,店,康,庸,弹,强,归,旧,影,得,快,恩,恰,悄,悟,悼,情,惊,惠,惦,惫,惰,惹,愉,愕,愚,感,愧,愿,慢,慨,慷,憾,懂,拍,拓,拘,招,拾,拿,挽,捂,捐,掂,掉,掩,措,掸,描,揩,揭,搀,搏,搔,搭,摘,撩,播,擂,擅,操,擎,故,敌,敬,整,敷,日,月,旦,早,旬,昆,昌,明,昏,易,昙,春,昭,是,晕,晚,晤,晨,景,晴,晶,智,晾,暮,暴,曲,更,有,服,朗,枷,格,桌,桐,桶,梗,梧,椅,椿,楷,榆,榕,榴,槐,模,横,檀,檐,檩,欲,歇,殷,毫,汛,河,治,沾,泊,泥,泽,洁,洛,洽,浦,浩,浴,消,涌,涣,润,淆,淳,淹,温,渴,湖,源,溜,溯,溶,滑,滴,演,漠,漫,潘,潦,澈,澡,激,灌,点,烙,烛,焕,煎,煮,熄,熔,熟,燎,燕,狗,狞,独,狸,猎,猖,猜,猪,猫,猴,猾,玷,理,琼,瓤,甜,甫,画,界,畔,留,畜,番,畴,畸,疆,痛,痪,痴,瘟,瘤,瘪,癌,癣,白,的,皆,盅,盒,盟,盲,着,睛,瞄,瞎,瞭,瞻,短,矿,码,砌,砰,砸,硝,硬,确,硼,碉,碍,碎,碗,碘,碟,碧,碱,碳,碾,磁,磨,磺,祠,禀,福,稠,穗,窖,窘,站,笛,笤,筒,答,筷,粘,精,糊,糖,糙,累,绅,细,织,绍,结,给,络,绢,绰,绳,绵,绸,缩,缭,缰,缴,罐,署,翼,职,肌,肖,肥,肮,肯,育,肴,肺,肾,胃,背,胎,胖,胡,胰,胳,脂,脉,脏,脓,脖,脯,脾,腌,腮,腰,腺,腾,腿,膀,膏,膘,膛,膜,膨,臀,臂,臣,舅,舆,舶,苔,苗,苛,若,苫,茄,茧,草,荣,荷,莫,萌,落,葛,葡,葫,蒙,蒲,蔼,蕴,蕾,薯,藏,藕,虫,虾,蚀,蚁,蚂,蚌,蚓,蚕,蚣,蚤,蚯,蛀,蛇,蛉,蛔,蛤,蛮,蛹,蛾,蜀,蜂,蜈,蜒,蜓,蜕,蜗,蜘,蜜,蜡,蜻,蝇,蝉,蝌,蝎,蝗,蝙,蝠,蝴,蝶,螟,螺,蟀,蟆,蟋,蟹,蠢,衙,衷,袖,裕,裸,褐,角,言,誉,誊,誓,警,譬,识,词,语,误,诵,请,诸,诺,课,调,谅,谆,谒,谨,谴,谷,豁,贴,赂,赌,赐,赠,赡,赢,足,趴,跃,跋,跌,跑,跛,距,跨,跪,路,跳,践,跷,跺,踊,踏,踢,踩,踪,踱,蹂,蹄,蹈,蹋,蹦,蹬,蹭,蹲,躁,躏,身,躲,轴,辅,辐,辑,输,辙,迫,追,递,通,逞,造,逾,遇,遣,遭,邀,邑,郁,都,酪,酷,醋,醒,里,重,量,铜,铭,铺,错,锚,镣,闭,闰,闺,闽,阁,阔,阳,阿,隅,隔,雕,雷,露,青,靖,靴,靶,鞋,鞍,鞠,鞭,颗,题,额,颤,饲,馋,馍,馏,馒,驶,驾,骂,骆,骚,鬼,魁,魂,鱼,鲁,鲜,鲤,鲫,鲸,鳄,鳍,鳞,鸣,鸽,鹃,鹊,鹏,黄,鼎,鼻,龟"
1,NZ,2264,53,"串,倦,偏,凶,初,匾,卿,唧,喝,囊,察,扁,扇,擦,殴,漫,盏,盼,礼,社,祈,祖,祝,神,祠,祥,祷,祸,福,篇,编,罚,翩,肩,胸,腿,蔼,蝙,衩,衫,衬,袄,袍,袒,袖,袜,被,袱,裆,裕,裙,裤,裸,褂,褐,褥,襟,视,认,讥,训,讳,论,设,访,诅,识,诈,试,诗,诡,询,该,诫,误,诱,诲,诵,请,诸,诺,读,诽,课,谁,调,谅,谈,谋,谍,谎,谒,谓,谚,谢,谣,谤,谦,谨,谬,谴,辩,迫,退,逻,遍,邓,酗,骗,鼠,齿"
3,HSPN,1846,53,"休,体,俐,保,利,厢,呆,和,喇,喳,嗓,嗽,困,垛,堡,妹,娄,媒,嫩,宋,屎,巍,床,彩,彬,想,愁,懒,捆,探,揉,揪,搂,摩,攀,数,料,断,晰,木,未,末,本,术,朱,朴,朵,机,朽,权,杆,杈,杉,李,杏,材,村,杖,杜,杠,束,来,杨,杭,杯,杰,松,板,极,构,枉,析,枕,林,果,枝,枪,枫,枯,架,枷,柄,柏,某,柑,柒,染,柔,柜,柠,查,柬,柱,柳,柿,栅,栋,栏,树,栓,栖,栗,校,样,核,栽,桃,桅,框,案,桑,桦,桩,梁,梅,梆,梢,梦,梧,梨,梭,梯,械,梳,检,棉,棋,棍,棒,棕,棚,棠,森,棱,棵,椅,椒,椭,椰,椿,楔,楚,楣,楷,楼,概,榄,榆,榔,榕,榛,榜,榨,榴,槐,槽,樊,樟,横,樱,橄,橘,橙,橡,橱,檀,檐,檩,檬,殊,沐,沫,淋,深,渊,渣,湘,漆,漱,澜,焚,煤,燥,犁,琳,痢,癞,相,督,睬,碟,碴,磨,禁,禾,秀,私,秃,秆,秉,秋,种,科,秒,秕,秘,租,秤,秫,积,称,秸,移,秽,稀,程,稍,税,稠,稳,稻,稼,稽,稿,穆,箱,米,籽,粒,粗,粘,粟,粤,粥,粮,粱,粹,精,糊,糕,糖,糜,糟,糠,绣,继,缕,翻,耕,耗,耘,耙,膝,臊,菊,菌,菜,萎,藕,藻,蝶,蟋,袜,裸,褒,褪,襟,诱,谋,谍,谜,赖,跺,踩,蹂,躁,辣,述,迷,速,酥,采,释,锈,锹,闲,集,霜,鞠,颓,颖,香,魏,魔,鳞,麻,黍,黎"
1,PZ,2265,47,"乖,乘,侈,修,允,元,无,兄,充,光,免,兑,兔,兜,冕,冤,况,凝,列,勉,匙,卵,友,歹,吮,吸,哆,哮,唤,囱,图,境,壤,多,够,姥,娩,孝,完,宏,家,宽,履,幌,急,悦,慧,抡,挽,换,掐,搀,搁,攘,教,晓,晚,棍,死,殉,殊,残,殖,比,毙,泥,浇,涣,渔,滚,灸,烈,烧,焕,焰,煞,燕,爱,爹,猬,猿,玩,疑,痪,瘪,瘾,癞,癣,瞬,确,磷,祝,税,稳,究,窗,竞,竟,箩,纸,终,绝,统,缓,缘,罗,翘,耀,肠,胞,能,脆,脱,腹,舞,色,花,荔,萝,葬,蓖,藐,蚀,蜕,蟹,表,衰,袭,裳,见,觅,觉,角,触,说,象,貌,负,贸,资,跷,轮,辉,逐,逛,逸,酵,铆,铣,铭,锐,锣,镜,镶,阅,阎,降,院,陷,隐,静,靴,餐,饭,饮,饰,饲,饶,饺,饼,饿,馁,馅,馋,馏,鱼,鲁,鲜,鲤,鲫,鲸,鳄,鳍,鳖,鳞,龟"
1,GN,2266,45,"丧,为,么,勺,付,伞,伪,侮,俯,偶,偿,傀,农,刽,匀,厨,啄,喂,嘱,堪,寡,对,射,尉,展,属,岭,幽,府,康,弃,弦,怜,悔,愈,慈,拇,拯,拱,振,敏,昙,晦,晨,暴,曼,朦,枫,树,梅,榴,樊,橡,檬,欧,每,毒,毯,永,沟,泉,泳,浓,海,溜,溪,滋,滚,瀑,爆,爵,爽,特,狡,玲,琢,瑰,留,眼,磁,禽,稼,窒,簿,糯,绘,缘,罢,耐,脉,脓,腐,腺,臀,艰,药,蒸,蔬,蘑,蛉,蜜,衬,袋,裂,装,褒,褥,诲,谢,象,豹,辕,过,运,逃,逐,逾,遂,遵,酝,酿,铃,震,霉,韵,颂,飘,饺,饿,馏,骇,魄,龄"
2,HSH,2114,45,"丐,丘,主,乍,乒,住,作,佳,侄,侍,侯,倒,候,债,假,催,儡,先,全,兵,准,凭,击,凿,到,剧,功,励,劲,勤,匪,医,卦,却,厅,厉,压,周,哥,唇,售,唯,唾,啡,喉,嗜,嘿,土,士,工,圣,场,圾,坊,坏,坑,坚,坛,坝,赤,坞,坟,坠,坡,坷,垂,垃,垒,垦,垫,垮,埂,城,域,培,堆,堡,堤,塘,填,境,墓,增,墨,墩,壤,壮,壳,壶,壹,奔,套,姓,姥,娃,婿,室,宪,宾,寺,封,尉,尘,屁,层,居,屈,屉,屋,展,岳,岸,崖,嵌,左,巧,巩,差,席,年,庄,庆,庇,度,庭,庶,弄,往,径,待,徒,志,怎,思,性,怪,恃,恐,悲,慧,慰,憨,截,戳,戴,扯,扳,拄,拜,拴,据,捶,捷,推,提,握,搓,携,摆,摊,摧,撼,攒,攻,敢,斑,斥,星,昨,暇,柱,栓,桂,桩,椎,橄,款,歌,此,歧,殿,氢,江,注,洗,洼,涯,淫,淮,清,渡,湃,滩,漏,灌,炸,焦,煞,熏,牧,牲,狂,猬,献,玉,王,玖,玩,玫,环,现,玲,玻,珊,珍,珠,班,琉,琢,琴,瑞,瑟,璧,生,甥,男,略,痊,痹,瘫,盐,眶,睡,睦,碾,社,祟,祷,稚,窑,窜,窿,笙,糜,红,经,维,缸,罐,罢,羹,耀,聘,肆,胜,脏,腹,膛,臀,至,致,萄,蔗,蔚,蕉,蘑,蚯,蛀,蛙,蜻,街,衡,装,褂,褥,诈,诗,谁,谓,谨,谴,赃,赞,赦,赫,走,赴,赵,赶,起,趁,超,越,趋,趟,趣,跋,跛,跨,路,踱,躏,载,辕,辱,选,遗,遣,遮,锉,锤,锥,锯,镀,陡,隆,难,雀,雁,雄,雅,集,雇,雌,雏,雕,霍,霎,霞,静,非,靠,靡,鞋,韭,驻,鬓,鲤,鳍,鹤,鹰,麦,麸,黑,黔,默"
1,SS,2267,43,"仆,仇,仙,份,侧,修,倒,偏,傀,儡,养,划,列,到,刻,刽,前,剥,剧,副,割,剿,啸,嗅,媒,嫩,岭,川,州,帅,怜,悠,懂,拼,明,晌,晒,晚,晦,晰,晴,晾,沙,泡,洲,测,淤,溅,漩,爪,爬,界,箩,箫,编,罗,翩,耕,耽,肃,脐,臭,舞,英,荒,萝,萧,葬,藐,藕,补,褒,训,讹,谎,貌,贤,败,账,贼,赃,赋,赌,赐,赠,赡,赦,轿,辨,酬,醒,队,阶,隙,骄,骗,龄"
2,HSS,2115,43,"世,严,乖,乘,乱,乾,井,开,估,佑,借,偏,儒,克,兢,兼,出,刊,刑,刮,刷,剩,劳,勃,匾,升,南,厕,厚,变,古,启,吵,咕,响,哎,哲,唐,唠,啥,嗦,嘲,囊,固,型,塘,妙,姑,媳,嫌,孽,宿,届,峦,带,庙,廉,弯,形,循,恋,恬,惜,慌,懦,扁,括,挤,捞,掀,搪,撒,擎,擒,散,敬,昔,晋,曹,朝,某,椭,楣,槽,歉,沽,活,济,涝,涮,渤,湾,湿,滞,濒,烦,煤,熙,犀,献,瑞,瑰,百,盾,眉,矾,砂,砖,砚,砾,硕,碑,碟,磅,磺,礁,祟,离,禽,窟,竹,篇,篱,糟,索,纱,编,缠,群,翩,而,肩,腊,臂,舌,舍,舒,艺,艾,节,芍,芒,芥,芬,芭,花,芹,苍,苏,苞,苟,苦,茁,范,茄,茫,茵,茶,茸,荐,荔,荠,荡,荤,荧,药,荷,荸,莲,获,莹,莺,莽,菇,菊,菜,菠,菲,萄,萌,萍,萝,萧,萨,落,葛,葡,董,葱,葵,蒂,蒋,蒙,蒲,蒸,蓄,蓉,蓖,蓝,蓬,蔗,蔚,蔬,蔼,蔽,蕉,蕴,蕾,薇,薛,薪,藐,藻,蛮,蝙,融,蠕,裙,触,警,话,谋,谍,谦,贿,赚,适,遍,道,邢,镰,陌,随,顶,顷,项,顽,顾,顿,颁,预,颅,领,颇,颈,颊,频,题,额,颠,颤,驯,骗,魄,鸭,齐"
0,T,,39,
1,PS,2268,39,"仔,仰,伦,伪,伴,伶,伸,位,低,作,侈,例,供,侣,便,俊,俏,俐,俭,俯,倦,假,偎,偏,做,健,偶,偿,傍,傲,傻,像,僚,僧,僵,僻,化,华,哗,彼,待,得,徘,徙,御,循,微,徽,桦,液,炸,烛,焊,照,腋,舆,芥,葬,薇,衔,衡,覆,货,韧,鼻"
1,ZS,2269,36,"仰,函,剃,励,劲,却,叔,地,坠,堕,塑,声,姚,屯,巍,帚,席,怖,恼,惯,慨,抑,抛,拖,摇,昂,椰,涂,涵,滑,漓,爸,猾,璃,瘾,眉,祭,第,纽,肄,肺,胰,脑,蒜,虏,虐,讶,谣,轧,轨,轩,转,轮,软,轻,载,较,辅,辆,辐,辑,输,辖,辙,邪,邮,郊,陈,陌,降,除,陨,险,陶,陷,隅,隆,隐,障,顿,饰,鳞"
1,NH,2270,33,"亡,亥,亲,仿,信,俭,傍,凳,刻,剑,咳,咽,唁,唐,啼,嚎,国,塘,夜,妄,妨,孩,帝,床,应,庸,彤,悯,惨,房,挤,捡,掖,搪,摩,敛,敦,敲,斋,新,方,旁,旅,族,望,核,检,植,楞,榜,檐,殖,毫,氓,济,液,渗,率,瓣,瓤,畜,疏,瞻,磅,磨,站,签,篙,簿,粒,粹,纺,缔,翠,肪,脸,腋,膀,舅,芳,茫,茵,荠,蒂,蔬,薄,螃,蟀,衰,裹,褒,言,誉,誊,誓,警,譬,访,该,谤,豪,财,赡,铲,锌,镜,镰,防,险,震,骇,验,高,魔,麻,齐"
1,HZ,2271,31,"乞,乾,冻,凄,切,吼,唆,唉,嚼,坷,埃,妻,崭,巷,录,惭,抱,拒,拧,撬,敦,斩,既,暂,柜,柠,框,概,榔,毕,毙,泞,渐,溉,溯,漆,炬,烤,爵,皆,穿,竣,筐,粮,纸,肥,轿,辕,陈,雅,鸦,鹿,黍,黎,鼠"
1,GH,2272,30,"与,些,享,仔,企,勃,包,卫,卸,厚,哲,唁,啰,嘴,噩,嚎,址,坞,垫,墩,好,姐,嫂,孕,字,存,学,孽,屿,征,徙,御,怔,惩,意,我,搜,政,敦,敲,整,昧,李,柴,橱,止,正,步,歪,歼,毡,涉,涩,渤,游,滨,濒,猛,珊,疏,症,瘦,益,硼,秉,租,稚,空,竟,篷,籽,糙,紫,绝,缤,耻,脖,腔,腾,荐,荸,莺,葬,蓝,蔫,蔬,蘸,誊,警,证,谆,赋,趾,跟,轻,轿,远,送,遵,避,邑,部,郭,醇,钙,链,锄,锰,闯,隔,露,靶,韵,颅,频,饿,驰,驻,驼,驾,骂,骆,骇,验,骗,骚,骤,高,鲫,鸠,鸡,鸥,鸦,鸯,鸳,鸵,鸽,鸿,鹉,鹊,鹏,鹤,鹦,鹰,齿,龄"
2,NZH,2116,30,"串,之,乏,享,停,凳,勒,吏,墩,妒,巡,庐,廓,延,患,户,计,房,朗,沪,泛,港,烹,猿,缝,罩,膏,芝,芦,莲,蓬,藻,虽,蛋,蟹,褪,订,讨,评,诬,谴,贬,边,辽,迁,迅,过,迎,运,近,进,违,连,追,适,逃,逆,选,逐,途,通,逛,逝,逞,速,造,逢,逮,逼,遂,遇,遍,遏,道,遣,遥,遭,遮,邀,郭,随,雇,霸,革,鞭,驴,鸟,鸣,鹃"
1,PG,2273,28,"侥,像,党,冠,凳,勾,勿,匈,匕,喝,嘴,嚎,嚷,囊,壕,嫁,寇,影,忽,惕,惨,扬,挠,昆,晃,朦,榄,橡,檬,死,毙,沦,混,熊,犯,犹,狂,狈,狐,狗,狞,狠,狡,狭,狮,狰,狱,狸,狼,猎,猖,猛,猜,猩,猪,猫,猴,猾,瓤,甸,畅,稼,绕,缆,翰,胸,能,芜,萄,虎,蜀,蝎,衷,褐,览,象,豪,踢,遂,遏,锡,雳,须"
1,NP,2275,27,"业,丧,乎,伞,侠,俏,偿,僧,光,兑,兰,关,养,兼,兽,凄,凿,券,剃,削,卷,咪,哑,显,哨,唉,善,嘹,圈,坪,埃,塑,墙,壶,壹,夹,奠,奥,妄,妻,委,姿,威,娄,娶,婆,嫌,尊,尝,屑,屡,峡,差,平,廉,总,恶,悦,慈,憎,拳,按,挟,挨,捎,接,援,搂,搓,播,数,斧,晃,暖,曾,案,梢,楼,歉,氧,氨,洋,淡,溢,滋,潘,澳,爷,爸,狭,番,痒,痰,盖,省,眷,着,睬,瞬,矮,硝,碰,磷,祥,秒,秤,稍,税,笙,笛,筐,筒,答,筝,箩,篓,簇,籍,类,粗,粪,粮,糕,糟,糯,缕,羔,羞,翔,翻,耀,耍,脱,腰,膳,苹,荚,莱,萍,藤,虚,详,说,谈,谦,谱,赚,蹭,蹲,辉,逆,遂,道,郑,金,鉴,阅,阐,陕,隘,霎,鞍,颊,首"
1,NS,2274,27,"产,位,倍,傍,况,冷,净,减,凑,凛,剖,剪,厨,啦,喜,嘀,嘉,垃,培,境,嫡,嬉,宗,宣,室,宦,宪,幕,幢,弹,彭,彰,恬,意,憾,懒,抬,拉,拟,接,掸,摘,撞,料,暗,榜,樟,橙,毅,泻,活,滴,演,漱,澄,澎,灾,焙,牢,痘,登,瞪,瞳,磁,磅,窗,立,竖,竞,竟,章,竣,童,竭,端,竿,笆,笋,笑,笔,笤,符,笨,第,等,筏,筑,策,筛,筷,筹,签,简,箍,箕,算,管,箫,箭,箱,篓,篙,篡,篮,篱,簸,簿,籽,粉,糖,糠,综,聪,膀,膨,舶,菩,萎,萨,蒿,蔑,蔓,薄,薯,蘑,螃,谚,谤,豆,豌,赔,蹬,辣,逗,部,锐,闽,阅,陪,隙,障,靖,音,韵,颜,飒,鼓"
2,ZPN,2117,27,"东,乐,亦,亲,余,依,俄,偎,傻,兆,冈,风,冰,划,刹,原,叙,吹,员,咏,哀,商,喷,嗦,嘁,坎,贡,垄,城,域,奈,姿,威,娘,宗,寨,尔,尿,岗,崇,嵌,帘,庞,很,徐,恨,惑,愤,戈,戏,成,戒,或,战,戚,截,戳,承,拣,撩,攒,旅,杀,杂,条,栈,根,桃,械,棕,榕,橘,欠,次,残,氛,水,泵,派,浅,浆,浪,涤,深,溃,溅,漂,漾,潦,炼,烁,狠,狼,猿,琐,畏,痕,瘸,盏,砍,砾,碱,示,票,禁,穴,闪,究,窘,窝,窥,笼,系,紧,累,繁,纲,线,练,绒,综,罕,羡,聋,胧,腿,良,茂,茶,薪,藏,螺,衣,袁,袭,裁,裹,襟,讼,讽,诊,诚,诫,贞,责,贤,货,质,贪,贫,贯,贱,贵,贷,贸,费,贼,贾,赁,资,赏,赘,赛,赞,越,跟,跳,践,辰,退,银,际,限,陨,隙,页,频,食,餐,饮,骡"
1,SP,2276,26,"伤,俄,咪,奥,女,奶,她,好,妆,妇,妈,妒,妖,妙,妨,妹,姊,始,姐,姑,姓,姚,姥,娃,娇,娘,娜,娩,娱,婉,婚,婶,婿,媒,媚,媳,嫁,嫂,嫉,嫌,嫡,嬉,季,尖,尘,履,弊,怒,恕,懊,整,枚,枢,樊,步,涂,涉,澳,濒,炒,烦,焙,省,磷,稚,窿,类,絮,褥,除,雀,频"
1,HG,2277,25,"万,事,傲,势,廓,弯,恍,愕,扎,扑,扒,打,扔,托,扛,扣,执,扩,扭,扮,扰,扶,批,扼,找,技,抄,把,抑,抓,投,抖,抗,折,抛,抠,抡,抢,护,披,抬,抱,抵,抹,押,抽,拂,担,拉,拌,拍,拒,拓,拔,拖,拗,拘,拙,拟,拢,拣,拥,拦,拧,拨,择,括,拭,拯,拱,拴,拷,拼,持,挂,指,按,挎,挑,挖,挚,挟,挠,挡,挣,挤,挥,挨,挪,挫,振,挺,挽,捂,捆,捉,捌,捍,捎,捏,捐,捕,捞,捡,换,捣,捧,据,捶,捷,捺,捻,掀,掂,授,掉,掏,掐,排,掖,掘,掠,探,接,控,推,掩,措,掸,掺,揉,揍,描,提,插,揖,握,揣,揩,揪,援,揽,搀,搂,搅,搏,搓,搞,搬,搭,携,摄,摇,摊,摔,摘,摧,摸,撇,撑,撒,撕,撞,撤,撩,播,撰,撵,撼,擅,操,擒,擦,攒,攘,放,敷,施,旋,旗,毅,毫,浙,游,湾,激,热,熬,爸,础,硬,碰,窍,簇,粥,紊,纫,缴,老,考,芭,蚓,蛾,裂,褥,誓,豫,豺,赘,邀,鄙,铐,韩,鹅"
1,HP,2278,24,"僚,夺,奋,奢,左,庵,态,撩,旋,殴,泵,潦,灰,炭,眷,瞧,砂,砍,砰,砸,硝,硼,碉,碎,碘,碳,磕,磷,礁,窟,美,羹,脾"
2,SNS,2118,24,"从,们,否,徽,忆,忧,怀,怔,怖,恤,恼,悍,悟,悦,悴,情,惊,惋,惦,惧,惯,惰,惶,愤,愧,慎,慷,憔,懂,懈,懊,撼,洲,败,购,贮,贴,赢,赦,躏,镰,隧,鳖"
3,SGHH,1847,24,"伸,俏,俱,偶,偿,傀,具,冒,冠,削,剪,割,匣,卿,厘,县,叠,咧,咱,哨,唱,喝,喷,喻,嘴,嘶,嘹,圃,埂,堂,塑,填,墓,壤,复,媚,宅,宇,宜,宝,害,寇,寓,射,尝,屑,崩,帕,庵,怕,恒,息,悬,惕,愈,慎,慕,懈,所,指,捅,捎,捕,掰,摸,摹,撤,攘,旨,旭,昂,昼,景,晶,暂,暮,替,最,朋,望,朦,梢,棚,檬,泉,泪,混,潜,潭,潮,熊,猩,畅,皂,目,直,省,真,眷,督,矗,硅,硝,碧,磕,稍,稽,筋,箭,簿,绷,缚,置,翰,肋,肘,肚,股,肢,肤,肿,胁,胆,胚,胸,能,脚,脱,脸,脾,腊,腋,腌,腔,腕,腥,腺,腻,膊,膳,自,舔,莹,董,薄,藤,袒,覆,解,谊,谐,谢,豁,踪,躬,躯,躺,辖,遏,酌,酬,野,量,锦,镇,镶,阐,阴,韩,颠,首,骨,髓,魔"
1,GS,2279,23,"佩,凫,劝,劫,勃,勉,勋,勒,勘,勤,嘶,奖,岛,幼,拗,掷,撕,斧,梆,棉,楔,榔,渤,爷,瓢,疗,盾,砌,票,簸,绑,罩,脚,蔑,蔓,装,超,邪,邻,郁,郑,部,郭,都,飘,鲫"
2,HHS,2120,23,"丰,伴,侵,倦,傲,僻,凑,判,劈,千,干,午,半,南,卡,叛,埠,壁,夫,失,奸,妓,姜,孽,宰,宽,寝,屏,巍,巢,并,幸,悉,拌,择,捧,掷,揍,摇,撵,替,株,棉,棒,榛,段,毁,汗,汪,浸,滓,漾,潜,熬,牙,牛,牢,牵,犀,犁,球,琳,琼,瑰,璃,璧,瓣,瓶,瘩,癣,瞬,知,矩,矫,矮,碧,磷,秩,穆,窥,筐,籍,素,纤,绊,绎,绒,绩,罐,罕,罩,羊,美,羡,群,羹,胧,臂,舞,艳,荒,薛,蚌,蛛,蜘,蝉,衅,裹,规,解,譬,讲,许,译,谎,谣,谭,贼,赘,跌,辛,辜,辞,辟,辨,辩,辫,透,遥,避,郑,释,锻,镣,阱,降,霹,饼,驮,骄,骑,魏,鲜,麸"
2,SZS,2119,23,"丙,两,他,侦,俩,倔,倘,内,贝,册,再,则,制,勋,卧,吊,向,呐,啰,喘,囚,四,回,圆,增,契,奕,奠,婴,尚,局,山,峻,崖,币,市,帅,师,帜,帮,常,帽,幌,幕,废,徊,惯,懒,拙,损,捣,掏,掘,揣,搞,敲,晌,晒,曙,棠,樱,沿,泼,洒,涧,淌,满,炭,狈,狮,猛,癞,瞒,碗,祸,稀,稿,筛,简,箍,篙,糯,纳,缨,缸,缺,网,置,耽,聊,肉,腐,腻,舰,船,茴,萤,营,蒿,蘸,衡,裳,西,询,谭,负,贩,贬,贰,贱,贺,贿,赂,赊,赎,赖,赚,赠,趟,蹲,躺,辆,逻,遵,邦,鄙,酪,酷,铆,镐,问,间,闷,闸,陆,陋,陶,雨,雹,顺,颓,高,鳖,鹦"
3,SZHH,1848,22,"伊,伯,但,佣,便,倡,傅,僚,兜,凛,剔,剿,助,募,匙,卑,卓,单,博,叮,叶,用,甲,申,号,甩,电,吁,吐,吓,吠,吨,吱,吴,呀,呈,肛,味,呵,呼,咙,哄,哑,显,哩,哺,啄,啤,啦,嗜,嘹,噩,囊,园,围,国,埋,堤,堰,塌,墅,墙,娱,婚,宴,宵,寒,寞,峭,帽,幌,幔,幕,康,庸,弹,归,旧,得,悄,惠,愚,愧,愿,慢,慨,慷,懂,拍,掉,掩,掸,揩,揭,搏,撩,擅,敷,日,月,旦,早,昆,昌,昏,易,昙,是,晕,晨,晶,暮,暴,更,服,桌,楷,槐,模,檀,檩,歇,殷,泊,泽,消,润,温,渴,源,溯,滑,漠,漫,潦,激,熄,燎,狸,猖,猾,理,瓤,甜,甫,瘟,瘪,白,的,皆,盟,瞎,瞭,砰,砸,硬,确,碱,禀,绰,绵,缭,缴,肌,肖,肥,肮,肺,胎,胖,胰,脂,脉,脏,脓,脖,脯,腮,腰,腺,腾,腿,膘,膛,膜,膨,臂,草,莫,萌,葛,葡,蒙,蔼,蕴,藕,蛔,蜡,蟆,蟹,角,误,课,谒,赐,踊,蹋,蹦,身,辅,辑,迫,逞,逾,遇,邀,醒,里,重,镣,闰,阳,隅,鞭,颗,题,颤,馍,馒,鬼,魁,魂,鲁,鳄,鳍,鹏,鼎"
1,PP,2280,21,"修,刃,参,吻,家,寥,形,彤,彩,彪,彬,彭,彰,彻,征,径,徊,律,徐,徒,惩,掺,杉,涩,渗,澄,澎,物,珍,疹,聚,膨,荡,蒙,藐,蟹,衫,诊,谚,谬,豹,貌,趁,逐,颜,鬓"
2,ZZH,2122,21,"丝,争,互,净,吗,子,马,挣,涎,熙,狰,玛,皱,睁,筝,纯,练,绊,结,绘,绝,统,绣,绰,缀,缓,缕,缤,缨,缩,缴,蜒,讯,记,诀,趋,雏,骡"
1,PH,2281,20,"呼,垦,堰,壕,复,妥,姆,姜,婴,安,定,宴,恳,捉,榨,樱,毯,淀,琴,疑,眯,砰,穗,窄,窑,窖,笼,筋,篇,篷,繁,绕,绽,缨,联,肴,胖,腾,蓉,要,覆,豪,锥,锭,馁,鹦"
2,SGH,2121,20,"任,伸,俏,俱,偶,偿,傀,像,具,冒,写,冠,冤,删,削,前,剪,副,割,匣,卿,厘,县,叠,吟,咏,咧,咱,哨,唬,唱,啊,啸,喂,喝,喧,喷,喻,嗦,嗽,嘲,嘴,嘶,嘹,嚼,圃,埂,堂,塑,塞,填,墓,壤,备,复,姻,媚,嫁,宁,宅,宇,守,定,宜,宝,宠,害,家,寇,富,寓,寨,射,尝,屑,崩,帕,庵,怕,恒,息,悬,惕,愈,慎,慕,懈,所,指,捅,捎,捕,掰,搁,摸,摹,撤,攘,旨,旭,昂,昼,晋,普,景,晶,暂,暮,替,最,朋,望,朦,梢,棚,檬,沃,泉,泪,泻,淀,混,渔,潜,潭,潮,熊,猩,甸,畅,畦,皂,益,目,直,省,真,眷,督,矗,础,硅,硝,碧,磕,稍,稽,筋,箭,簿,绷,绽,缚,置,翰,肋,肘,肚,股,肢,肤,肪,肿,胁,胆,胚,胸,能,脚,脱,脸,脾,腊,腋,腌,腔,腕,腥,腺,腻,膊,膳,臊,自,舔,苟,莹,董,蓄,蔓,薄,藤,虱,虹,蚊,蚜,蛆,蛔,蛙,蛤,蛹,蝠,螃,螟,蠕,袒,覆,解,谊,谐,谢,豁,贮,赛,超,踪,躬,躯,躺,辖,逼,遏,邮,酌,酬,野,量,锦,锭,镇,镶,阐,阔,阴,韩,颠,首,骑,骨,髓,魔,鲁,鲸,鳖"
4,PHHHZ,1480,20,"蓖,衔,针,钉,钓,钙,钝,钞,钟,钢,钥,钦,钧,钩,钮,钱,钳,钻,钾,铁,铃,铅,铆,铐,铛,铝,铡,铣,铭,铲,银,铸,链,销,锁,锄,锅,锈,锉,锌,锐,错,锚,锡,锣,锤,锦,锨,锭,键,锯,锰,锻,镀,镇,镊,镐,镜,镰,镶"
1,GP,2282,19,"乃,刀,力,劈,劣,勇,携,架,梁,橘,氛,炎,烫,独,瘤,窃,粉,舅,虏,诱,贫,贸,贺,隧,驾"
2,ZZT,2124,19,"级,纵,纹,线,组,络,绪,续,绵,绷,绸,综,绽,绿,缅,缆,编,缘,缚,缝,缠,缰"
2,HSN,2130,18,"丈,下,大,寸,伏,厌,墩,太,犬,妖,姚,嫉,嫩,尺,廊,憔,救,映,烟,状,狱,疙,疚,疟,疤,疫,疮,疯,疲,疹,疼,疾,病,症,痊,痒,痕,痘,痢,痪,痰,痴,痹,瘟,瘤,瘦,瘩,瘪,瘫,瘸,瘾,癞,癣,瞧,礁,糕,缺,羔,联,获,蘸,袄,袱,辙,辜,铁,链,震,霜"
2,SPH,2125,18,"伤,俄,女,奶,她,好,妆,妇,妈,妖,始,姐,姑,娇,娱,婉,婚,婶,婿,媒,媚,嫁,嫂,嫉,嫌,嬉,季,履,怒,恕,絮"
1,ZZ,2283,17,"丝,乡,了,剪,犯,级,纫,纳,纵,纹,纺,纽,线,组,绍,绎,给,络,继,绪,续,绵,绷,绸,综,绽,绿,缅,缆,缎,编,缘,缚,缝,缠,缭,缰,蓄,贯,饵,馍"
2,HSP,2127,17,"休,体,俐,保,利,厢,呆,呢,和,喇,喳,嗓,嗽,困,垛,堡,妹,娄,媒,嫩,宋,尼,屎,履,巍,床,彩,彬,想,愁,懒,才,捆,探,揉,揪,搂,摩,攀,数,料,断,昵,晰,木,未,末,本,术,朱,朴,朵,机,朽,权,杆,杈,杉,李,杏,材,村,杖,杜,杠,束,来,杨,杭,杯,杰,松,板,极,构,枉,析,枕,林,果,枝,枪,枫,枯,架,枷,柄,柏,某,柑,柒,染,柔,柜,柠,查,柬,柱,柳,柿,栅,栋,栏,树,栓,栖,栗,校,株,样,核,根,格,栽,桂,桃,桅,框,案,桑,档,桥,桦,桩,梁,梅,梆,梢,梦,梧,梨,梭,梯,械,梳,检,棉,棋,棍,棒,棕,棚,棠,森,棱,棵,棺,椅,植,椎,椒,椭,椰,椿,楔,楚,楣,楷,楼,概,榄,榆,榔,榕,榛,榜,榨,榴,槐,槽,樊,樟,模,横,樱,橄,橘,橙,橡,橱,檀,檐,檩,檬,殊,沐,沫,淋,深,渊,渣,湘,漆,漱,澜,焚,煤,燥,犁,琳,痢,癞,相,督,睬,碟,碴,磨,禁,禾,秀,私,秃,秆,秉,秋,种,科,秒,秕,秘,租,秤,秧,秩,秫,积,称,秸,移,秽,稀,程,稍,税,稠,稳,稻,稼,稽,稿,穆,箱,米,籽,粒,粗,粘,粟,粤,粥,粮,粱,粹,精,糊,糕,糖,糜,糟,糠,绣,继,缕,翻,耕,耗,耘,耙,膝,臊,菊,菌,菜,萎,藕,藻,蚜,蝶,蟋,袜,裸,褒,褪,襟,诱,谋,谍,谜,赖,跺,踩,蹂,躁,辣,述,迷,速,酥,采,释,锈,锹,闲,雁,集,霜,鞠,颓,颖,香,魏,魔,鳞,鹰,麻,黍,黎"
2,PGP,2123,17,"匈,嚎,囊,壕,惨,犯,犹,狐,狗,狡,狭,狰,狱,狸,狼,猎,猖,猛,猜,猪,猫,猴,猾,瓤,稼,蝎,衷,象,豪,踢,雳"
3,SZNN,1849,17,"夜,孤,弧,心,忌,忍,忘,忠,忽,忿,态,怒,怠,急,恩,悉,悠,患,您,悬,悲,惑,惠,惩,惹,愁,愚,感,愿,慈,慰,憋,憨,憾,掖,瓜,瓢,瓤,瘾,稳,腮,芯,葱,蕊,返"
4,SZHSH,1481,17,"亩,促,做,僵,儡,兽,史,田,由,吃,啃,奋,富,幅,强,惫,搔,播,擂,擎,故,敌,敬,潘,烛,独,画,界,畔,留,畜,番,疆,瘤,癌,癣,碳,福,累,细,缰,翼,舅,蕾,虫,虾,蚀,蚁,蚂,蚌,蚓,蚕,蚣,蚤,蚯,蛀,蛇,蛉,蛮,蛾,蜀,蜈,蜒,蜓,蜕,蜗,蜜,蜡,蝇,蝉,蝌,蝗,蝠,蝴,蝶,螟,螺,蟀,蟆,蟋,警,足,趴,跃,跌,跑,距,跪,跳,践,跷,踊,踏,踢,踩,踪,踱,蹂,蹄,蹈,蹋,蹦,蹬,蹭,蹲,躁,躏,辐,闺,闽,雕,雷,露,骚,鱼,鲜,鲤,鲫,鳄,鳍,鳞,鼻"
1,HN,2284,16,"七,乓,侮,喜,嘉,姆,寓,彩,悔,拇,援,摹,攘,敏,晦,暖,梅,母,每,毒,海,盘,票,笙,篷,繁,萤,蜂,诲,豆,豌,蹬,逗,遇,采,隅,雨,霉,霎,鼓"
2,HPN,2126,16,"供,六,文,共,兴,典,冀,区,参,呕,唤,嘶,塞,天,夭,头,契,奔,奖,套,奥,嫉,寨,尖,巷,弊,微,恭,恼,懊,戴,换,掺,撕,撰,收,改,效,敏,救,教,敛,敞,敦,数,整,族,枚,枢,楔,樊,泰,添,滨,漓,演,澈,澳,烘,爆,璃,疾,痴,盔,矢,碘,磺,离,禽,篱,簇,簸,类,粪,纹,缤,翼,胶,脐,脑,舆,荧,莽,葵,蔑,薇,藤,蚊,蜈,螟,赛,驱,鸥,鸯"
2,HST,2129,16,"均,坪,垢,堰,壕,扫,扬,抒,抚,报,拄,拆,拇,拐,招,拾,捅,损,掷,揭,搁,搔,搪,摆,撬,撮,擂,牡,物,牲,特,牺,琅,逝"
2,NSG,2128,16,"刘,刚,剩,卵,咧,婆,婉,婶,它,官,宙,审,客,宫,宰,宴,宵,宾,宿,寄,密,寓,寝,寞,寡,寥,按,案,棺,款,殉,氨,池,汤,波,派,滓,滨,烈,牵,窜,管,缤,缩,腕,裂,鞍,额,馆,鬓"
3,SZSN,1850,16,"丙,两,俩,内,贝,则,呐,囚,四,增,奕,奠,婴,惯,懒,樱,洒,满,狈,癞,瞒,糯,纳,缨,网,肉,腐,西,负,贩,贿,赊,赎,赖,赚,赠,蹲,辆,遵,陋,雨,顺,颓,鹦"
2,ZHG,2137,15,"佛,别,印,咖,导,己,已,弓,异,引,弛,弟,张,弥,弦,弱,弹,强,憨,拂,捌,梯,橄,沸,涕,涨,溺,疆,破,粥,胞,譬,费,躬,醇,霹"
3,SZHS,1851,15,"中,亩,亭,亮,仲,佃,佩,促,做,僵,儡,兽,冲,决,可,史,田,由,叽,吃,吻,咐,啃,嚷,因,处,央,奋,富,幅,强,快,恩,惫,描,搔,播,擂,擎,故,敌,敬,曲,榴,汛,泥,溜,潘,灌,烛,独,猫,画,界,畔,留,畜,番,畴,疆,瘤,癌,癣,瞄,碳,福,笛,筒,筷,累,细,缰,罐,翼,舅,苗,茧,荣,蕾,虫,虾,蚀,蚁,蚂,蚌,蚓,蚕,蚣,蚤,蚯,蛀,蛇,蛉,蛮,蛾,蜀,蜂,蜈,蜒,蜓,蜕,蜗,蜜,蜡,蜻,蝇,蝉,蝌,蝗,蝠,蝴,蝶,螟,螺,蟀,蟆,蟋,衙,警,足,趴,跃,跌,跑,跛,距,跨,跪,路,跳,践,跷,跺,踊,踏,踢,踩,踪,踱,蹂,蹄,蹈,蹋,蹦,蹬,蹭,蹲,躁,躏,辐,锚,闺,闽,雕,雷,露,馏,骚,鱼,鲜,鲤,鲫,鳄,鳍,鳞,鼻"
2,HPZ,2132,14,"元,无,兄,兑,兜,况,列,友,歹,吸,哮,境,壤,孝,完,宏,履,幌,悦,慧,攘,教,晓,死,殊,残,殖,毙,浇,烧,爱,瘪,税,箩,纸,终,缓,缘,罗,翘,肠,胞,脆,脱,舞,萝,葬,藐,蜕,表,衰,袭,裳,说,貌,跷,逐,酵,铣,锐,锣,镜,镶,阅,院,餐,饶"
2,HSZ,2133,14,"丽,例,凛,刺,势,匹,哀,壤,尤,支,就,总,恕,挚,栗,檩,殃,毁,犹,狐,粟,绩,缰,翅,聪,融,袁,贾,轰,逸,遭,醒,镶,颤,飘,鼎,鼓"
2,NPH,2136,14,"业,丧,乎,伞,侠,僧,光,兰,关,养,兼,凄,凿,券,卷,咪,哑,显,唉,善,圈,坪,埃,塑,墙,壶,壹,夹,妄,妻,委,姿,威,娶,婆,嫌,屡,峡,差,平,廉,恶,憎,拳,按,挟,挨,接,援,搓,播,斧,晃,暖,曾,案,歉,氧,氨,洋,溢,潘,爷,爸,狭,番,痒,盖,眷,矮,碰,磷,祥,秤,笙,笛,筐,筒,答,筝,箩,篓,簇,籍,粪,糯,羞,翔,耀,耍,腰,膳,苹,荚,莱,萍,虚,详,谦,谱,赚,蹭,辉,逆,金,鉴,陕,隘,霎,鞍,颊"
2,ZGH,2135,14,"仔,包,厚,字,学,绝,脖,腾,闯,靶,饿,驰,驻,驼,骆,骇,验,骗,骚,骤"
2,ZHH,2134,14,"且,啸,嘲,垦,当,恳,挡,星,曾,朝,柏,档,植,殉,殖,沮,灵,窿,糟,组,绕,肃,萧,裆,诅,谱,阻,雪,霸,静"
2,HSG,2131,13,"亚,僵,儒,历,呻,哪,嗽,娜,尾,屑,帚,帮,德,愿,懦,挪,掰,普,曹,桅,淘,燥,牍,琅,瓢,疆,盛,禀,粉,约,续,脆,臊,蚪,蝴,诡,赖,赡,跪,躁,软,迹,那,闹,隐,雄,雪,雳,零,雷,雾,需,霉,霞,露,霸,霹,饰,驹,鹿"
2,NHS,2138,13,"俯,吭,广,序,府,庞,座,庵,廉,廓,抖,搞,斗,斜,斟,旷,然,燃,牍,痛,癌,矿,碎,稿,续,腐,蒿,蝌,镐,魁,默"
3,SZPN,1853,13,"亦,傻,冈,风,冰,吹,员,商,喷,坎,贡,姿,岗,嵌,帘,愤,戒,攒,械,橘,次,深,溃,瘸,砍,穴,闪,究,窘,窝,窥,纲,罕,羡,茂,讽,诫,贞,责,贤,货,质,贪,贫,贯,贵,贷,贸,费,贾,赁,资,赛,赞,陨,页,饮"
4,SZHHS,1486,13,"伊,便,倡,傅,卑,博,叮,叶,用,甲,申,吐,吓,吠,吱,呵,咙,哄,哩,哺,啤,啦,国,埋,墅,寒,帽,幌,幔,庸,惠,愚,愧,慢,懂,搏,擅,敷,昌,晕,晶,更,槐,檀,润,温,狸,猖,理,甜,甫,瘟,的,盟,砸,硬,确,碱,绵,肌,脓,脯,腮,萌,葡,蕴,藕,蟹,角,踊,蹦,辅,辑,逾,遇,醒,里,重,闰,隅,鞭,颤,馒,魁,魂,鹏"
2,NZS,2139,12,"凶,初,卿,唧,礼,祈,祖,祝,神,祠,祥,祸,福,罚,胸,衩,衫,衬,袄,袍,袒,袜,被,袱,裆,裕,裙,裤,褂,襟,视,认,讥,训,诈,谴,邓,酗,齿"
3,SSHH,1854,12,"件,其,勘,取,嘁,基,堪,娶,懈,戚,揖,摄,斯,旗,时,旷,旺,晓,晤,暇,暖,暗,最,期,欺,渺,照,甘,甚,盯,盹,盼,眨,眯,眶,眼,睁,睡,睦,睬,瞄,瞎,瞒,瞧,瞪,瞬,瞭,瞳,瞻,箕,缎,耻,耿,聊,联,聘,聚,聪,芋,芙,芜,芽,苇,茉,荆,莉,蒜,趣,酣,镊,闻,饵,骤"
5,SZHSHN,1050,12,"搔,烛,畔,虫,虾,蚀,蚁,蚂,蚌,蚓,蚕,蚣,蚤,蚯,蛀,蛇,蛉,蛮,蜀,蜈,蜒,蜓,蜕,蜗,蜜,蜡,蝇,蝉,蝌,蝗,蝴,蝶,螟,螺,蟀,蟋,闽,骚"
1,NT,2285,11,"冶,冻,凄,凉,咨,嗡,均,妆,寥,将,戳,扇,桨,氯,浆,状,球,瓷,疗,盗,羽,翎,翔,翘,翩,翻,耀,蒋,谬,资,逃,酱,隶"
2,NSZ,2141,11,"冯,孵,安,容,寂,汉,沼,澄,窒,窗,粱,观,谊,门,闯,闹,闻,阀,阁,阎,阐,阔,驼,鸵,鹅"
2,PPP,2143,11,"修,参,家,寥,彩,彪,彰,掺,渗,珍,疹,聚,衫,诊,谚,谬,趁,颜"
2,SSH,2142,11,"临,件,其,勘,取,嘁,基,堪,娶,孟,屹,恤,懈,戚,揖,揽,摄,撇,斯,旗,时,旷,旺,昭,昵,晓,晤,暇,暖,暗,最,期,楞,榄,欺,渺,溢,滥,照,片,版,牌,牍,牺,甘,甚,皿,盅,盆,盏,盐,监,盒,盔,盖,盗,盘,盛,盯,盹,盼,眨,眯,眶,眼,睁,睛,睡,睦,睬,睹,瞄,瞎,瞒,瞧,瞪,瞬,瞭,瞳,瞻,础,磕,箕,篮,缅,缆,缎,耐,耻,耿,聊,联,聘,聚,聪,膘,芋,芙,芜,芽,苇,茉,荆,莉,蒜,蓝,蔽,血,衅,览,趣,配,酗,酝,酣,酵,酸,酿,醇,醉,醋,鉴,锰,镊,闻,附,隘,顺,饵,骤,魄"
3,HHSH,1855,11,"主,住,债,催,全,准,凭,击,凿,卦,售,唯,嗜,圣,堆,姥,年,往,性,憨,截,戳,拄,拴,捷,推,携,摆,摊,摧,敢,斑,星,昨,椎,橄,注,淮,滩,灌,焦,煞,牲,狂,献,玉,王,玲,珍,生,痊,瘫,眶,祷,稚,窿,红,维,罐,罢,羹,耀,萄,蕉,蛀,谁,躏,辕,锥,难,雀,雁,雄,雅,集,雇,雌,雏,雕,霍,驻,鳍,鹤,鹰,麦,麸"
3,NHPN,1856,11,"六,文,参,头,奖,奥,尖,恼,懊,掺,枢,樊,漓,澳,璃,离,禽,篱,类,纹,胶,脐,脑,荧,蚊,螟"
4,SSHHH,1482,11,"其,勘,取,基,堪,娶,揖,摄,斯,旗,时,旺,最,期,欺,渺,甚,盯,盹,盼,眨,眯,眶,眼,睁,睡,睦,睬,瞄,瞎,瞒,瞪,瞬,瞳,瞻,箕,耻,耿,聊,联,聘,聚,聪,趣,镊,闻,骤"
1,NG,2286,10,"予,单,启,墅,婉,密,序,怨,抒,揉,普,柔,梭,橙,殃,登,盈,瞪,矛,秧,穆,繁,羹,翅,翠,腕,膳,舒,舱,葵,豫,蹬,迷,遵,野,髓,鸳"
1,ZG,2287,10,"危,孩,廓,烹,范,虱,驮,驯,驳,驴,驹,骏,骑"
2,GPN,2144,10,"僚,卤,寂,察,岖,巫,慕,我,挑,捺,控,擦,斜,标,栋,榨,欢,欲,歉,源,燎,瓢,穷,空,穿,突,窃,窄,窍,窑,窖,窝,窟,窿,竭,紊,素,索,紫,絮,腔,蓉,赊,迈,透,途,阀,飘,飞,龙"
2,HHH,2140,10,"三,值,健,凰,厢,喧,嗅,寻,峰,帽,建,律,悍,惧,惶,手,毛,掌,撑,擎,旱,肝,津,渠,湘,焊,煌,皇,相,眠,算,篷,纬,绑,缝,聋,肄,肆,臭,舆,蓖,蓬,蛆,蜂,蝗,衔,辱,逢,针,钉,钓,钙,钝,钞,钟,钠,钢,钥,钦,钧,钩,钮,钱,钳,钻,钾,铁,铃,铅,铆,铐,铛,铜,铝,铡,铣,铭,铲,银,铸,铺,链,销,锁,锄,锅,锈,锉,锋,锌,锐,错,锚,锡,锣,锤,锦,锨,锭,键,锯,锰,锹,锻,镀,镇,镊,镐,镜,镰,镶"
2,HZN,2146,10,"专,云,丢,会,傅,冠,动,努,劫,博,即,去,叠,嚼,夺,奴,寇,寿,帐,廊,式,张,怯,抵,拭,搏,敲,既,梳,概,武,氮,法,流,涛,涨,溉,漫,爵,畴,硫,碍,等,筹,篡,翁,翼,胀,致,试,账,迂,迄,郎,铸,长,馒,魂,鼠"
2,ZNN,2145,10,"叉,发,夜,媳,孤,弧,心,忌,忍,忘,忠,忽,忿,态,怒,怠,急,怨,恋,恩,悉,悠,患,您,悬,悲,惑,惠,惩,想,惹,愁,意,愚,感,愿,慈,慰,憋,憨,憾,拨,掖,瓜,瓢,瓤,瘾,祭,稳,腮,芯,葱,蕊,衩,返"
3,HHPN,1862,10,"呕,嘶,天,夭,嫉,撕,族,泰,添,疾,痴,矢,簇,簸,葵,蔑,藤,蜈,驱"
3,HSZH,1860,10,"五,伍,伺,何,使,侣,信,倚,偷,凉,凸,勤,占,司,合,吉,同,吕,后,吝,告,命,咒,咽,品,哈,哭,哼,唁,嗤,嘱,器,噩,噪,嚣,坤,坦,塔,奇,如,客,宣,宦,寄,就,属,岂,崎,帖,店,影,恰,悟,悼,情,惦,惰,愉,愕,拾,拿,捂,捐,掂,措,搭,操,整,明,晤,晴,智,晾,桐,梗,梧,椅,榆,榕,横,檐,毫,河,沾,洁,洽,浦,浩,淳,湖,演,澡,点,煎,熟,燕,猎,猜,玷,畸,盒,盲,睛,瞻,短,硼,碉,碍,碘,祠,穗,站,答,粘,精,糊,糙,绅,织,结,给,绢,绳,绸,肯,肾,胃,胡,膏,臣,舆,苛,苫,荷,落,葫,蒲,藏,蛤,蠢,衷,言,誉,誊,誓,警,譬,词,语,请,调,谅,谨,贴,赡,赢,轴,输,造,遭,酷,醋,铜,铺,阁,阿,隔,露,青,靖,靴,靶,鞋,鞍,鞠,额,饲,驶,鸽,鹃,鹊,黄"
3,SHPN,1852,10,"供,共,兴,典,冀,塞,寨,巷,弊,微,恭,戴,撰,收,改,敏,救,教,敦,数,整,枚,滨,烘,碘,磺,粪,缤,翼,莽,薇,赛"
4,NHSNT,1484,10,"嫉,疟,疫,疮,疯,疲,疹,疼,痊,痒,痕,痪,痹,瘟,瘪,瘸,癞,癣"
4,SHSZH,1483,10,"伍,何,使,勤,占,吉,后,告,嗤,嘱,坤,坦,属,岂,帖,店,悼,情,惦,惰,掂,措,晴,横,河,沾,洁,浦,浩,点,煎,燕,猎,猜,玷,睛,站,粘,精,糙,结,绸,胃,苛,苫,荷,蒲,藏,请,调,谨,贴,轴,造,遭,酷,醋,阿,隔,青,靖,靴,靶,鞋,鞍,鞠,鹊,黄"
5,PHNSHN,1054,10,"笋,笑,笔,笨,第,等,筑,筛,筹,签,简,箕,箫,篓,篙,篡,篮,篱,簸,簿"
1,GG,2288,9,"僧,哼,孙,孟,孤,承,掏,擎,曾,淳,熟,留,疮,腰,警,谱,蹭,逊"
1,ZP,2289,9,"券,努,劳,募,孕,彻,忍,扮,拐,汞,甥"
2,HHG,2155,9,"于,亏,北,嚷,坯,姊,拿,挎,挚,摩,摹,撬,攀,新,映,椒,橱,氢,污,淑,瀑,爆,蝇,讳,锄,韧"
2,PPS,2151,9,"彼,待,得,徘,徙,御,循,微,徽,薇,衔,衡,覆"
2,ZGN,2149,9,"丧,侮,喂,幽,弦,悔,慈,拇,拯,敏,晦,晨,梅,每,毒,永,泳,海,溪,滋,瑰,眼,磁,脉,艰,蒸,袋,裂,诲,辕,酿,震,霉,飘,饿,魄"
2,ZHS,2148,9,"军,危,墅,尸,屎,屏,屡,挥,敢,晕,檐,殃,毕,浑,瞻,秧,荤,车,辈,辉"
2,ZHZ,2147,9,"低,假,刨,务,咆,夷,孔,氏,巨,底,撰,暇,民,氓,炮,眠,纠,纪,苞,袍,谐,起,跑,距,配,雹,雾,霞,饱"
2,ZZN,2150,9,"凤,嗦,姆,幻,徽,搬,殴,段,殷,殿,毅,母,漓,炫,玄,璃,瓦,瓮,瓶,瓷,索,繁,缎,般,舷,设,锻"
3,HHSN,1858,9,"凑,卡,夫,失,捧,掷,揍,撵,替,潜,知,矩,矮,窥,规,跌,郑,驮,骑,麸"
3,SHGH,1861,9,"些,企,卸,址,嫂,屿,征,徙,御,惩,搜,政,昧,柴,止,正,步,涉,涩,濒,疏,瘦,紫,蔫,蔬,赋,趾,轿,颅,频,鸿,鹉,齿,龄"
3,SPSN,1864,9,"灶,灼,灿,炊,炕,炫,炬,炮,炼,烁,烘,烙,烟,烤,烧,焕,焰,煌,煤,熄,熔,燃,燎,燥,爆"
4,HHZPN,1488,9,"亲,余,偎,原,叙,域,奈,娘,宗,崇,很,徐,惑,或,战,承,条,栈,根,棕,残,氛,浅,浪,涤,溅,狠,狼,畏,痕,盏,示,票,禁,线,综,腿,良,薪,襟,贱,跟,辰,退,银,际,限,隙,食,餐"
5,HSSZSN,1051,9,"厕,掀,烦,硕,萨,顶,顷,项,顽,顾,顿,颁,预,颅,领,颇,颈,颊,题,额,颠,颤"
5,NPHSPN,1053,9,"屎,彩,来,柬,澜,米,粘,粟,粤,精,糊,糜,继,菊,蟋,采,鞠"
5,SZHHHS,1052,9,"剿,匙,卓,单,呀,呈,肛,味,囊,堤,弹,掉,掸,早,是,晨,暴,桌,泽,瓤,瞎,绰,肺,脖,腰,课,逞,颗,题,鼎"
2,HGN,2157,8,"付,俯,厨,寡,对,府,弃,拱,曼,树,欧,毯,瀑,爆,爽,特,狡,窒,腐,褥,酝,饺"
2,HNS,2156,8,"产,位,倍,傍,剖,厨,啦,喜,嘀,嘉,垃,培,境,嫡,嬉,幕,幢,彭,彰,意,拉,接,摘,撞,暗,榜,樟,橙,毅,滴,澄,澎,焙,痘,登,瞪,瞳,磅,立,竖,竞,竟,章,竣,童,竭,端,竿,笆,笋,笑,笔,笤,符,笨,第,等,筏,筑,策,筛,筷,筹,签,简,箍,箕,算,管,箫,箭,箱,篓,篙,篡,篮,篱,簸,簿,膀,膨,舶,菩,萎,萨,蒿,蔑,薄,薯,蘑,螃,谚,谤,豆,豌,赔,蹬,辣,逗,部,陪,障,靖,音,韵,颜,飒,鼓"
2,HZS,2152,8,"剃,叔,地,声,屯,慨,拖,涂,祭,纽,肄,胰,蒜,虏,虐,讶,轧,轨,轩,转,轮,轻,载,较,辅,辆,辐,辑,输,辖,辙,邪,除,顿,鳞"
2,NGH,2153,8,"歼,益,篷,糙,莺,誊,远,送,遵,避,隔,鸠,鸡,鸥,鸦,鸯,鸳,鸵,鸽,鸿,鹉,鹊,鹏,鹤,鹦,鹰"
2,NGS,2154,8,"凫,劝,奖,岛,幼,拗,榔,疗,罩,脚,蔑,蔓,装,鲫"
2,NNN,2160,8,"嘿,墨,寒,尽,庶,擂,淤,点,烈,热,烹,焦,然,煎,煞,照,煮,熊,熏,熙,熟,熬,燃,燕,终,蒸,蔫,蕉,蕾,黑,黔"
2,PGN,2167,8,"为,么,勺,伪,匀,留,缘,药,豹,骇"
2,PSN,2159,8,"不,仪,依,停,储,杯,歪,淡,火,灭,灶,灼,灿,炊,炕,炫,炬,炮,炼,烁,烘,烙,烟,烤,烧,焕,焰,煌,煤,熄,熔,燃,燎,燥,爆,痰,耿,谈"
2,PZZ,2161,8,"急,煞,瘾,稳,色,隐,饺,饼,馁,馅,馏"
2,SGS,2158,8,"仍,冗,啼,嘱,尊,属,崔,巾,帝,带,幢,忱,掘,欧,歇,歌,沈,沉,浓,滞,漂,灯,缔,罚,罪,蒂,蜀,蜜,谭,蹄,酒,酣,酥"
3,HSHH,1868,8,"乍,作,佳,侍,侯,候,匪,医,唇,啡,喉,嘿,坏,坛,坷,垮,墨,套,姓,娃,寺,封,尉,层,岸,崖,巧,庭,弄,待,怎,恃,悲,慧,慰,扳,拜,桂,款,歧,洼,涯,湃,炸,熏,玩,环,珠,琢,琴,瑟,痹,祟,窜,聘,肆,胜,蔚,街,衡,褂,诈,诗,跋,跨,辱,隆,非,鞋,韭,鬓,鲤,黑,黔,默"
3,HSZS,1859,8,"侦,倔,再,制,勋,卧,吊,啰,圆,契,币,市,师,废,损,掏,掘,敲,晒,曙,狮,祸,筛,箍,缸,缺,耽,腻,蘸,谭,贰,贺,邦,酪,酷,陆,陶,雹,高"
3,HZSH,1867,8,"声,纽,肄,虏,虐,轧,轨,轩,转,轮,轻,载,辆,辐,辑,输,辖,辙"
3,PSHS,1857,8,"什,仗,优,值,在,岔,崭,德,惭,斩,斯,新,暂,欣,渐,祈,茬,锨,馅"
3,SSZN,1863,8,"坡,帆,彼,懊,披,旁,玻,皮,皱,竖,紧,舟,航,舰,舵,舷,船,茅,茎,菠,被,跛"
4,HHSPN,1491,8,"保,呆,堡,妹,媒,晰,未,末,朱,果,架,栗,殊,沫,燥,秉,秤,税,稳,稻,耕,耗,耘,耙,膝,臊,菌,藕,躁"
4,HSSZH,1487,8,"乱,乾,估,佑,克,兢,刮,匾,古,启,咕,哲,唐,嘲,固,塘,媳,届,庙,恬,扁,括,搪,朝,楣,沽,活,熙,瑰,盾,眉,砖,砾,碑,篇,缠,群,舌,舍,舒,苦,菇,蝙,融,裙,触,话,贿,适,遍,道,陌,魄"
4,SGHHH,1485,8,"俱,具,割,县,叠,咱,塑,填,墓,壤,媚,害,射,恒,息,悬,慎,慕,摸,摹,攘,昂,望,泪,混,潭,潮,皂,目,直,真,督,矗,碧,置,翰,肘,肚,肢,肤,胚,脚,自,舔,谊,谢,豁,躬,躯,躺,辖,镇,镶,韩,颠,首"
4,SSZHH,1489,8,"伯,但,佣,兜,募,寞,归,旧,拍,暮,楷,模,泊,源,溯,漠,漫,激,皆,缴,膜,草,莫,蟆,迫,邀,阳,馍"
5,PSNHHHSH,370,8,"催,售,堆,截,戳,携,摧,淮,灌,焦,稚,罐,耀,蕉,谁,躏,雀,集,雇,霍,鹰"
6,NHNSHHS,669,8,"僻,劈,壁,孽,宰,滓,璧,瓣,臂,薛,譬,辛,辜,辞,辟,辨,辩,辫,避,霹"
2,GSH,2162,7,"乓,凝,凹,匠,听,唬,垢,彪,徘,拆,排,撮,斟,斤,断,旅,族,晰,楚,毁,毡,滤,漩,牌,疑,籍,罪,耳,耸,聂,职,艳,菲,薪,虎,虑,虚,蛋,蠕,要,覆,誓,诉,诞,诽,辈,靠,靡,面,鹿"
2,HGH,2166,7,"与,些,企,卸,哲,嘴,址,垫,嫂,屿,征,徙,御,怔,惩,搜,政,整,昧,柴,止,正,步,歪,涉,涩,濒,疏,症,瘦,紫,耻,蔫,蔬,证,赋,趾,跟,轻,轿,颅,频,鸿,鹉,齿,龄"
2,PZN,2173,7,"久,及,夕,俊,傻,凌,啰,夏,外,将,岁,桨,棱,浆,移,秽,菱,蒋,酱,酸,陵,骏"
2,SPN,2165,7,"俗,办,协,噪,小,操,枣,柴,桶,棘,浴,渠,澡,眯,策,躲,递"
2,SSZ,2163,7,"你,坡,巢,帆,役,彼,您,懊,披,旁,梳,流,玻,疲,瘸,皮,皱,硫,竖,紧,舟,航,舰,舵,舷,船,茅,茎,菠,蔬,被,跛,躲,颇"
3,HHZN,1875,7,"专,云,会,动,即,嚼,廊,既,概,氮,溉,爵,碍,翼,郎,魂,鼠"
3,HNPH,1865,7,"乎,侠,咪,坪,壹,夹,妄,委,威,婆,屡,峡,平,挟,播,潘,狭,番,矮,碰,磷,秤,笙,笛,筐,筒,答,筝,箩,篓,簇,籍,腰,苹,荚,莱,萍,陕,霎,颊"
3,HSHS,1866,7,"儡,剧,压,周,哥,唾,圾,坝,赤,坞,垂,壳,壶,壹,奔,婿,宾,居,屈,屉,展,岳,嵌,巩,席,庄,庆,度,庶,徒,志,思,恐,戴,据,捶,撼,攻,斥,歌,殿,清,渡,漏,牧,猬,玖,玫,现,珊,班,瑞,甥,略,盐,睡,碾,窑,糜,腹,臀,致,蔗,蘑,蜻,谓,赃,赫,走,赴,赵,赶,起,趁,超,越,趋,趟,趣,路,踱,遗,遮,锤,锯,镀,陡,霍,霎,静,靠,靡,鬓"
3,HSSZ,1870,7,"乱,乾,估,佑,克,兢,刮,匾,南,厕,古,启,咕,响,哲,唐,嘲,固,塘,媳,届,庙,恬,扁,括,掀,搪,擒,朝,楣,沽,活,涮,烦,熙,瑰,盾,眉,砖,砾,硕,碑,磅,礁,离,禽,篇,篱,缠,群,舌,舍,舒,艺,芭,苦,药,菇,萨,蕴,蝙,融,裙,触,话,贿,适,遍,道,陌,顶,顷,项,顽,顾,顿,颁,预,颅,领,颇,颈,颊,题,额,颠,颤,魄"
3,HSZN,1883,7,"丽,例,势,尤,支,就,总,恕,挚,犹,狐,聪,融,轰,逸,鼓"
3,NZSN,1869,7,"礼,祈,祖,祝,神,祠,祥,祸,福,视,认"
3,PNNN,1871,7,"点,热,烹,焦,然,煎,熊,熙,熟,燃,蕉"
4,GHSPN,1492,7,"宋,捆,某,柒,染,煤,禾,稼,稿,粱,菜,诱,谋,酥"
4,HPSZH,1494,7,"匿,厦,右,石,君,埠,堵,奢,寡,岩,惹,有,淆,煮,猪,着,砌,碗,碟,碾,窘,缩,署,肴,若,薯,诸,诺,赌,躲,郁,都"
4,NPHHS,1493,7,"伴,倦,判,半,姜,屏,并,拌,漾,犀,瓶,绊,美,羡,羹,衅"
4,SGHSH,1490,7,"任,副,喂,备,定,淀,渔,甸,畦,绽,蓄,虱,虹,蚊,蚜,蛆,蛔,蛙,蛤,蛹,蝠,螃,蠕,逼,邮,锭,鲁,鲸,鳖"
4,SZHHG,1513,7,"号,甩,电,哑,显,啄,围,塌,康,慨,慷,服,熄,胎,脂,腺,蹋"
5,SZHSZH,1061,7,"伺,侣,同,吕,咒,咽,品,哭,器,噩,噪,嚣,悟,愕,捂,捐,操,晤,智,桐,梧,湖,澡,硼,碉,碍,碘,糊,绢,绳,肾,胡,葫,语,赢"
8,HSSSZHHHPN,93,7,"募,寞,暮,模,漠,膜,莫,蟆,馍"
2,HHZ,2169,6,"姨,拳,撬,气,氨,氯,汽,粤,耗,虐,街,锥,雌"
2,SNH,2168,6,"丛,催,准,售,唯,坐,堆,姻,巫,座,忙,憔,截,戳,挫,推,携,摊,摧,椎,淮,滩,灌,焦,瘫,瞧,碎,礁,祷,稚,粹,维,罐,耀,胚,蕉,蘸,诬,谁,躏,酱,醉,锥,难,雀,雁,雄,雅,集,雇,雌,雏,雕,霍,鹤,鹰"
2,SZN,2170,6,"丸,凡,仅,似,反,叛,报,版,瓣,盘,簸,艘,贩,饭"
3,GSHS,1880,6,"乓,匠,听,垢,拆,斤,断,晰,毡,漩,牌,籍,薪"
3,HGTG,1876,6,"扔,抑,折,抵,挨,挺,掀,搬,撰"
3,HGTS,1878,6,"扑,扒,扣,执,扮,抄,投,抛,抱,押,抽,担,拥,挑,挫,捉,捍,捏,捣,探,提,摧,热,鹅"
3,HHGS,1884,6,"嚷,坯,姊,新,椒,淑,瀑,爆,讳,锄,韧"
3,HHHS,1873,6,"丰,奸,巢,择,段,毁,癣,筐,籍,纤,绎,绒,绩,羊,群,胧,艳,蝉,裹,译,谭,锻,镣,骄,鲜"
3,HSGS,1881,6,"儒,历,哪,娜,帚,帮,懦,挪,淘,蚪,软,那,闹,雪,雳,零,雷,雾,需,霉,霞,露,霸,霹,饰,驹"
3,HSSG,1885,6,"偏,儒,刷,勃,厚,啥,嗦,囊,姑,宿,懦,椭,渤,献,瑞,百,矾,砚,窟,索,编,翩,而,肩,节,芹,苏,荔,荸,薛,蠕,邢,镰,随,骗,鸭"
3,NSZH,1874,6,"俗,俺,冶,勇,台,各,名,吞,唇,奄,始,容,春,朗,格,桶,欲,治,洛,浴,涌,淹,溶,澈,烙,熔,狞,痛,络,育,胳,臀,苔,蛹,蜘,蝎,蠢,袖,裕,裸,褐,诵,谷,豁,赂,踏,辙,递,通,酪,铭,骆"
3,SNNN,1872,6,"墨,尽,擂,煞,照,煮,熏,燕,蒸,蔫,蕾"
3,SNPH,1877,6,"业,丧,光,凄,凿,善,墙,壶,妻,恶,憎,晃,溢,碰,耀,膳,虚,辉,金,鉴,隘"
3,SSSN,1882,6,"侧,啸,州,沙,洲,测,溅,箫,肃,萧,账,赃,赋,赐,赠,赡"
3,SZZN,1879,6,"凤,搬,殴,殿,毅,漓,璃,缎,般,设"
4,HGSHHH,1081,6,"徘,排,撮,斟,罪,耳,耸,聂,职,菲,诽,辈,靠,靡"
4,NHNSH,1496,6,"产,位,倍,剖,啦,垃,培,境,幢,彰,意,拉,接,撞,暗,樟,焙,瞳,立,竖,竞,竟,章,童,竭,端,菩,谚,赔,辣,部,陪,障,音,韵,颜,飒"
4,NHSZH,1497,6,"倚,偷,凉,合,命,哈,哼,塔,奇,寄,就,崎,影,恰,愉,拾,拿,搭,晾,梗,椅,榆,洽,淳,熟,畸,盒,短,穗,答,给,蛤,衷,谅,输,鸽"
4,NZSGN,1495,6,"初,衩,衫,衬,袄,袜,被,袱,裕,裤"
4,SGHHS,1501,6,"伸,偶,傀,冒,剪,匣,厘,咧,唱,喷,喻,嘶,圃,埂,堂,宝,寓,崩,愈,懈,所,捅,捕,撤,朋,棚,猩,畅,硅,磕,箭,簿,绷,缚,股,肿,胆,脾,腥,腺,膊,莹,董,薄,解,酌,野,量,锦,髓"
5,HHSSZH,1062,6,"乱,咕,唐,塘,括,搪,群,舌,舍,舒,菇,裙,触,话,适"
5,HPSZHH,1080,6,"寡,有,淆,砌,缩,肴,郁"
5,SSNHHHSH,373,6,"准,唯,推,摊,椎,滩,瘫,维,锥,难,雁,雄,雅,雌,雏,雕,鹤"
6,HSHSHPH,672,6,"徒,走,赴,赶,起,趁,超,越,趋,陡"
6,HSSGHHH,677,6,"咱,媚,直,矗,碧,置,翰,舔,首"
7,HSSHHHPN,372,6,"其,勘,基,斯,旗,期,欺,甚,箕"
7,SZHHSZHH,371,6,"倡,哺,庸,擅,昌,晶,猖,硬,蹦,鹏"
1,GZ,2290,5,"抢,枪,碗,臣,蹂,迎"
2,GGH,2176,5,"勃,卫,孕,孽,渤,荸,葬,锄,锰"
2,NHN,2180,5,"嚎,敦,新,旁,瓤,篙,茫,豪"
2,NNP,2181,5,"举,乳,俘,受,嚼,妥,学,孵,授,摇,浮,滔,爱,爵,稻,舀,藐,觅,誉,谣,豹,豺,貌,踩,蹈,遥,馁"
2,NPN,2177,5,"义,交,以,众,咬,必,悴,攀,效,校,泌,父,爽,瑟,秘,绞,翠,脊,议,较,郊,驳"
2,NZN,2172,5,"公,双,嗓,垒,桑,缀,腻,蚣,谆,谜,谱,贰,餐"
2,PNG,2171,5,"仑,仓,伦,凝,卒,吩,唆,夯,峻,挖,瓮,疑,盆,益,竣,纷,翁,论,颁"
2,PZP,2178,5,"猬,猿,疑,荔,资,逛"
2,SGN,2179,5,"丹,哟,嘿,恳,惫,搬,熟,穗,筑,般,舱,艇,艘,蟋,黑,黔,默"
2,SHS,2174,5,"什,仗,优,倔,值,在,密,岔,崇,崩,崭,德,惭,斩,斯,新,暂,欣,渐,祈,糙,茬,锨,雌,馅"
2,SNP,2175,5,"伙,劣,堂,少,当,恍,恢,憎,抄,挡,档,渺,炒,琐,裆,钞"
2,SSS,2164,5,"侧,剿,啸,川,州,沙,洲,测,溅,箫,肃,萧,账,赃,赋,赌,赐,赠,赡,酬"
3,GNGH,1894,5,"莺,隔,鸥,鸦,鸯,鸳,鸵,鸽,鸿,鹊,鹤"
3,GZHZ,1919,5,"刨,咆,孔,氏,底,撰,纠,袍,雹"
3,HPZN,1918,5,"列,友,歹,死,毙,箩,罗,舞,萝,葬,锣"
3,HSSH,1886,5,"世,乖,乘,借,出,剩,惜,撒,散,昔,曹,槽,碟,磺,竹,糟,腊,茁,茸,菜,蕾,藐,谍"
3,HZPN,1891,5,"乐,亲,余,俄,偎,划,刹,原,叙,域,奈,娘,宗,崇,很,徐,惑,戈,戏,或,战,戳,承,杀,杂,条,栈,根,棕,残,氛,浅,浪,涤,溅,狠,狼,畏,痕,盏,碱,示,票,禁,线,综,腿,良,茶,薪,襟,贱,跟,辰,退,银,际,限,隙,食,餐"
3,NNHS,1896,5,"抖,斗,斜,斟,然,燃,牍,续,蝌,魁,默"
3,NNSH,1895,5,"俭,剑,应,捡,敛,检,汁,汇,汰,沛,沥,泄,洪,涛,淫,港,溪,潭,潮,烂,签,脸,衍,险,验"
3,NNSS,1890,5,"沟,没,油,泌,洞,浊,浑,涡,淘,渊,湿,滑,滤,澳,瀑"
3,NZHS,1901,5,"串,停,吏,妒,户,计,沪,膏,藻,虽,蛋,讨,诬,驴"
3,PHZN,1893,5,"努,奴,寿,帐,张,涨,漫,畴,筹,篡,胀,长,馒"
3,SHHS,1887,5,"僻,劈,南,叛,壁,孽,宰,宽,幸,株,汗,汪,滓,牛,牢,璧,瓣,矫,秩,罐,臂,薛,蛛,蜘,解,譬,许,辛,辜,辞,辟,辨,辩,辫,避,阱,霹,饼"
3,SZHG,1888,5,"叨,叼,吼,呜,唧,团,惊,感,景,椿,猴,错,鸣,龟"
3,SZHZ,1892,5,"事,京,减,凯,另,叫,叹,吆,吧,咸,哟,啊,喊,囤,憾,琼,码,谆,谴,追,遣,邑,闭,驾,骂,鲸"
3,ZZPN,1889,5,"东,浆,漾,砾,藏,越"
4,HNPHS,1511,5,"侠,坪,夹,峡,平,挟,播,潘,狭,番,秤,萍,陕"
4,HPZPN,1507,5,"哀,垄,庞,笼,聋,衣,袁,袭,裁,裹"
4,HSHZN,1508,5,"丢,劫,去,式,怯,拭,武,法,涛,试,铸"
4,HSPNH,1510,5,"彬,摩,攀,本,朽,杆,材,村,杖,杜,杠,杯,枉,林,枝,枯,柄,柑,柜,栋,栖,框,梆,梦,械,棋,棒,森,椰,椿,楔,楚,楷,榛,槽,橱,淋,焚,琳,磨,秆,秕,秫,秸,稽,糟,颖,魔,麻"
4,HSPNN,1503,5,"娄,巍,愁,揪,搂,数,料,术,杭,柠,柱,柿,栏,样,桩,楼,榔,榕,檀,秋,科,粮,糖,糠,缕,萎,褪,谜,述,迷,锹,魏"
4,HSSGS,1509,5,"儒,刷,懦,瑞,窟,而,节,芹,薛,蠕,邢"
4,HSSPG,1500,5,"敬,芍,苞,苟,获,葡,葱"
4,HSSSG,1516,5,"刑,劳,唠,型,捞,涝,茵,荧,莺,菲"
4,HSZSN,1498,5,"丙,呐,奕,奠,惯,洒,糯,纳,西,蹲,遵,陋,雨"
4,NHHSH,1505,5,"主,住,全,往,拄,拴,注,痊,驻"
4,NHZPPN,1082,5,"亥,刻,咳,孩,核,该"
4,NSHHS,1506,5,"僻,劈,南,叛,壁,孽,宰,宽,幸,株,汗,汪,滓,璧,瓣,秩,臂,薛,蛛,蜘,譬,辛,辜,辞,辟,辨,辩,辫,避,霹,饼"
4,NSZNN,1499,5,"态,怒,悠,您,惠,愚,愿,憋,葱,蕊"
4,NSZPN,1526,5,"穴,闪,究,窘,窥,贤,贷"
4,SZHHH,1502,5,"凛,剿,助,匙,卓,单,吁,吴,呀,呈,肛,味,囊,堤,娱,幕,弹,得,掉,掸,旦,早,昆,昙,是,晨,暴,桌,檩,泽,瓤,瘪,瞎,禀,绰,肺,胰,脖,腰,误,课,身,逞,颗,题,鳄,鼎"
4,SZHPN,1504,5,"只,呛,啥,喻,嗡,帜,职,识"
4,SZSZH,1518,5,"倘,册,向,回,尚,局,徊,搞,晌,棠,沿,涧,淌,稿,简,篙,茴,萤,营,蒿,裳,趟,躺,鄙,镐,问,间,闸"
5,HHHSPN,1083,5,"妹,媒,晰,果,耕,耗,耘,耙,膝,藕"
5,HSPNHS,1067,5,"彬,摩,杖,杜,杠,林,枝,枯,柄,柑,栖,梦,棋,森,椰,楚,槽,橱,淋,焚,琳,磨,秫,秸,稽,糟,颖,魔,麻"
5,HSPNSZ,1074,5,"和,喳,嗽,想,机,杏,极,枫,查,棍,棵,渣,犁,碴,秘,积,称,秽,程,稠,翻,赖,颓"
5,HSSHHH,1066,5,"其,勘,取,基,堪,娶,揖,摄,斯,旗,最,期,欺,甚,箕,耻,耿,聊,聘,聚,聪,趣,镊,闻,骤"
5,HSSHPN,1084,5,"共,典,塞,寨,巷,恭,戴,烘,莽,赛"
5,NHPNPN,1070,5,"交,咬,悴,效,校,绞,翠,脊,较,郊"
5,PHHHZS,1064,5,"钓,钞,钟,钢,钥,钦,钧,钩,钻,钾,铁,铃,铅,铛,铝,铡,铣,销,锁,锅,锉,锡,锣,锦"
5,PNHSZH,1056,5,"偷,合,命,哈,塔,寄,恰,愉,拾,拿,搭,梗,榆,洽,盒,穗,输,鸽"
5,PZNSZH,1096,5,"各,名,洛,烙,络,骆"
5,SGHHSZ,1072,5,"偶,傀,冒,匣,咧,唱,寓,崩,愈,朋,棚,绷,股,腺,锦"
5,SGHSHN,1073,5,"虱,虹,蚊,蚜,蛆,蛔,蛙,蛤,蛹,螃,蠕"
5,SHHGSHHH,379,5,"徘,排,罪,诽,辈,靠,靡"
5,SNPSGHH,693,5,"俏,偿,削,哨,尝,捎,梢,硝,稍"
5,SZHHSH,1055,5,"便,卑,吐,哩,啤,国,埋,墅,惠,懂,更,润,狸,理,碱,醒,里,重,闰"
5,SZHHSZ,1058,5,"倡,吱,呵,咙,哺,幔,庸,愧,慢,擅,昌,晶,槐,温,猖,瘟,盟,硬,绵,肌,腮,蕴,藕,蹦,逾,遇,隅,馒,魂,鹏"
6,HSPNHSPN,374,5,"彬,摩,林,梦,森,楚,淋,焚,琳,磨,秫,魔,麻"
6,HSSSZHSH,381,5,"描,猫,瞄,苗,茧,锚"
6,HSZHHSN,685,5,"傅,博,搏,敷,甫,脯,葡,辅,鞭"
6,NPHZHHSSPN,94,5,"兼,嫌,廉,歉,谦,赚"
6,SGHHSZHH,375,5,"冒,唱,崩,朋,棚,绷"
6,SZHHHHS,676,5,"凰,律,悍,惶,旱,肝,津,焊,煌,皇,算,蝗"
6,SZHHHSH,704,5,"匙,呈,肛,堤,是,晨,逞,题,鼎"
6,SZHSHSH,670,5,"碳,趴,跑,距,跪,跳,踢,踱,蹄,蹭,蹲"
6,SZHSZSN,696,5,"勋,卧,圆,损,祸,贺"
7,HHSHSZHH,382,5,"情,晴,猜,睛,精,请,青,靖"
7,HSHPSZHH,378,5,"厦,堵,奢,猪,署,薯,诸,赌,都"
7,HSSHSZHH,376,5,"勤,措,猎,谨,遭,靴,靶,鞋,鞍,鞠,鹊"
7,NHNSHSZH,380,5,"倍,剖,培,境,幢,彰,撞,暗,樟,焙,瞳,竞,章,童,竭,菩,赔,陪,障,音"
2,GHH,2187,4,"僧,啃,槽,脊,铛"
2,GSN,2188,4,"书,嘹,姨,孙,掠,病,膘"
2,NHG,2186,4,"仿,傍,妨,房,方,旅,族,楞,榜,磅,纺,肪,膀,舅,芳,螃,访,谤,财,防"
2,NHZ,2183,4,"亡,望,率,畜,蟀,骇"
2,PSG,2182,4,"亿,储,催,党,喘,堕,夏,存,屠,希,常,弊,憋,掌,揣,搅,撇,撑,敞,斋,暑,曙,看,睹,研,硫,碌,碴,糯,绪,者,膛,荐,著,蔽,觉,赁,赏,需"
2,PSS,2184,4,"仆,仇,仙,份,修,傀,儡,悠,爬,褒"
2,SHZ,2189,4,"代,伐,侥,倾,卢,块,巴,库,廷,彻,挺,掐,插,曼,汞,滔,焰,疙,疤,稻,笆,符,筏,耙,臼,舀,艇,艘,蔓,袋,裤,蹈,阎,阵,陷"
2,ZSN,2185,4,"凉,婴,就,弥,影,晾,樱,称,缨,舔,谅,院,鹦"
3,GNGZ,1921,4,"序,抒,繁,翅,舒,豫"
3,HGPN,1920,4,"寂,察,巫,我,捺,擦,斜,标,瓢,赊,迈,透,途,阀,飘"
3,HGTH,1899,4,"打,扛,扰,扶,批,扼,找,技,抠,抹,拒,拔,拢,拣,拱,拷,持,挂,挎,挠,振,捷,捺,掩,插,揩,撕,撵"
3,HGTP,1905,4,"托,抓,抡,抢,掏,揪,浙"
3,HGTZ,1907,4,"扎,扭,把,抬,拙,拟,拨,握,蛾"
3,HHHG,1936,4,"手,毛,撑,擎,钠,铜,锹"
3,HNSH,1922,4,"产,位,倍,剖,厨,啦,喜,嘉,垃,培,境,嬉,幢,彭,彰,意,拉,接,撞,暗,樟,橙,澄,澎,焙,痘,登,瞪,瞳,立,竖,竞,竟,章,童,竭,端,竿,笆,笋,笑,笔,笤,符,笨,第,等,筏,筑,策,筛,筷,筹,签,简,箍,箕,算,管,箫,箭,箱,篓,篙,篡,篮,篱,簸,簿,膨,菩,萨,谚,豆,豌,赔,蹬,辣,逗,部,陪,障,音,韵,颜,飒,鼓"
3,HSNN,1937,4,"伏,厌,太,犬,憔,状,狱,瞧,礁,糕,羔,获,蘸,袱,震,霜"
3,HSSP,1906,4,"兼,变,哎,嫌,孽,峦,廉,弯,形,恋,敬,歉,湾,艾,芍,芥,芬,花,苍,苞,苟,获,菊,葡,葱,蓖,谦,赚"
3,HSSS,1914,4,"刊,刑,劳,唠,型,捞,涝,茵,荧,莺,菇,菲,萝,驯"
3,HZHZ,1908,4,"低,假,夷,巨,暇,民,氓,纪,距,霞"
3,NHSN,1897,4,"嫉,廊,疙,疚,疟,疤,疫,疮,疯,疲,疹,疼,疾,病,症,痊,痒,痕,痘,痢,痪,痰,痴,痹,瘟,瘤,瘦,瘩,瘪,瘫,瘸,癞,癣"
3,NPPN,1903,4,"毯,灰,灵,灸,灾,炎,炭,烫,焚"
3,NSGS,1904,4,"卵,婆,婉,婶,官,宙,审,宫,密,寝,棺,款,殉,池,波,派,烈,管,腕,馆"
3,NZSG,1898,4,"初,罚,衩,衫,衬,袄,袜,被,袱,裆,裕,裙,裤,褂"
3,PHHS,1915,4,"伴,倦,判,午,半,妓,姜,屏,并,拌,漾,牵,犀,犁,瓶,瘩,绊,美,羡,羹,衅"
3,PNGZ,1912,4,"仑,伦,唆,峻,益,竣,论"
3,PNNZ,1913,4,"今,伶,吟,含,念,捻,这,迹,送,邻,隧,零"
3,PSPZ,1916,4,"仰,像,化,华,液,腋"
3,PSZH,1917,4,"匿,厦,召,右,石,君,嘉,埠,堵,奢,寡,岩,惹,招,昭,有,淆,煮,猪,着,砌,碗,碟,碧,碾,窘,笤,绍,缩,署,肴,若,茄,薯,诸,诺,赌,躲,郁,都,鼻"
3,SGPN,1910,4,"卤,岖,控,榨,欢,欲,歉,穷,空,穿,突,窃,窄,窍,窑,窖,窝,窟,窿,腔,蓉,龙"
3,SGPZ,1911,4,"农,冤,宛,察,惋,擦,舵,蛇,豌,逻"
3,SHZH,1923,4,"卢,块,库,廷,挺,掐,插,曼,滔,焰,稻,臼,舀,艇,艘,蔓,裤,蹈,阎,阵,陷"
3,ZHGS,1902,4,"佛,别,印,咖,引,弟,弥,拂,捌,梯,沸,涕,破,费"
3,ZHSG,1900,4,"呻,尾,屑,燥,约,臊,蝴,诡,赡,跪,躁"
3,ZSSH,1909,4,"孟,屹,恤,楞,溢,牺,皿,盅,盆,盐,盒,盔,盖,盘,盛,础,磕,缅,耐,膘,血,衅,配,酗,酝,酵,酸,酿,醇,醉,醋,锰,隘"
4,GHSZH,1539,4,"凸,宣,宦,演,祠,肯,驶,鹃"
4,HGSZH,1521,4,"拓,确,磁,磨,磺"
4,HGTHS,1542,4,"扛,扰,扼,技,抠,拔,拢,拱,拷,持,挂,挎,振,掩"
4,HHSHP,1535,4,"嗜,姥,憨,捷,敢,橄,煞,玲,珍,羹,鳍,麦,麸"
4,HNZHS,1512,4,"串,停,吏,妒,膏,藻,虽,蛋,驴"
4,HSHHG,1538,4,"唇,寺,尉,层,巧,待,慰,祟,聘,蔚"
4,HSHHS,1514,4,"佳,嘿,坷,姓,娃,封,岸,崖,庭,弄,怎,扳,桂,歧,洼,涯,珠,窜,胜,街,褂,跋,隆,鞋,黑,黔,默"
4,HSNZH,1517,4,"庐,莲,蟹,迁,迅,近,连,逝,遥"
4,HSSHH,1519,4,"嘁,戚,甘,缎,芋,芙,芜,芽,苇,茉,荆,莉,蒜,饵"
4,HSSPN,1527,4,"兼,变,哎,嫌,峦,廉,弯,恋,歉,湾,艾,芥,芬,苍,谦,赚"
4,HSZNN,1540,4,"忘,怠,急,悉,瓢,瘾,稳,腮"
4,HSZPN,1529,4,"亦,吹,员,坎,贡,溃,瘸,砍,窝,纲,茂,贞,责,贯,贵,贾,赁,资,陨"
4,NHSNH,1522,4,"疙,疚,疾,病,症,痘,痢,痰,痴,瘤,瘩"
4,NNSHS,1520,4,"汁,汰,沛,沥,泄,洪,港,潭,潮"
4,NNSSZ,1541,4,"没,油,泌,洞,浊,浑,涡,淘,湿,瀑"
4,NSGPN,1523,4,"控,榨,欢,穷,空,穿,突,窃,窄,窍,窑,窖,窝,窟,窿,腔,蓉"
4,PGSZH,1532,4,"冀,句,增,拘,旬,狗,背,赠"
4,PHNSH,1534,4,"笋,笑,笔,笨,第,等,筑,筛,筹,签,简,箕,算,管,箫,箭,箱,篓,篙,篡,篮,篱,簸,簿"
4,SGHHPG,1092,4,"冠,喝,寇,惕,朦,檬,胸,能,遏"
4,SHNSHN,1097,4,"竿,笆,笤,符,筏,策,筷,箍"
4,SNHGP,1524,4,"仿,房,芳,财,防"
4,SNSHP,1525,4,"徽,怀,怖,惰,败,赦,隧,鳖"
4,SZSSH,1533,4,"孟,屹,楞,溢,牺,盐,盛,磕,缅,耐,膘,配,酗,酝,酵,酸,酿,醇,醉,醋,锰"
4,ZHHHS,1515,4,"择,毁,纤,绎,绒,绩,胧,译,谭,骄"
4,ZHSZH,1530,4,"伺,侣,司,同,吕,咒,咽,品,哭,器,噩,噪,嚣,客,悟,愕,捂,捐,操,晤,智,桐,梧,毫,湖,澡,硼,碉,碍,碘,糊,绅,织,绢,绳,肾,胡,膏,舆,落,葫,词,语,赢,铺,阁,露,额,饲"
4,ZNSZH,1531,4,"冶,台,各,名,朗,格,洛,涌,烙,痛,络,育,胳,臀,苔,诵,赂,辙,酪,骆"
5,HSHHSH,1060,4,"佳,姓,娃,崖,庭,桂,洼,涯,胜,街,褂,隆,鞋"
5,HSHSGH,1100,4,"儡,周,哥,壹,婿,戴,撼,歌,清,猬,甥,腹,蜻,谓,静"
5,HSHSZH,1085,4,"吉,告,嘱,坤,坦,属,情,惰,晴,洁,浩,猜,玷,睛,站,精,糙,结,绸,胃,请,调,造,酷,青,靖"
5,HSPNZN,1093,4,"权,杈,树,梭,橘,督,私"
5,HSSGSS,1091,4,"儒,刷,懦,瑞,而,蠕"
5,HSSNNS,1094,4,"范,茫,萍,落,藻"
5,HSSZHH,1063,4,"乾,嘲,固,媳,朝,楣,瑰,盾,眉,砖,碑,缠,贿,道,陌,魄"
5,HSZHSPN,692,4,"喇,垛,嫩,懒,束,漱,癞,跺,辣,速"
5,HZPHPZ,1087,4,"晓,浇,烧,翘,饶"
5,NHHHSZH,682,4,"信,唁,檐,瞻,言,誉,誊,誓,警,譬,赡"
5,NPHHHS,1090,4,"氧,洋,痒,盖,祥,详"
5,NPHHPN,1089,4,"关,券,卷,唉,圈,埃,拳,挨"
5,NPSZHPZ,702,4,"兑,悦,税,脱,说,阅"
5,NSGPNH,1088,4,"控,空,穿,突,窃,窍,腔"
5,NSHSPN,1086,4,"断,沐,渊,粒,粥,粹,糕,释"
5,PHNPHN,1098,4,"笛,筐,筒,答,筝,箩,簇,籍"
5,PNHNNSH,699,4,"俭,剑,捡,敛,签,脸"
5,PSHZHH,1099,4,"滔,焰,稻,臼,艘,蹈,阎"
5,PZSZHPZ,697,4,"免,兔,冕,勉,娩,挽,搀,晚"
5,SGHHSH,1057,4,"厘,喷,堂,宝,所,撤,猩,硅,磕,脾,腥,莹,董,野,量,髓"
5,SHHSZS,1101,4,"制,曙,缸,缺,陆,陶"
5,SSGHHH,1069,4,"咱,墓,媚,射,慕,摸,摹,泪,混,皂,直,矗,碧,置,翰,自,舔,谢,躬,躯,躺,首"
5,SZHSHG,1095,4,"啃,累,跃,跌,践,跷,踊,踏,踩,踪,蹂,蹈,蹋,蹦,蹬,躁,躏"
5,ZHHHHS,1077,4,"健,凰,峰,建,律,悍,惶,旱,肝,津,焊,煌,皇,算,篷,绑,缝,肄,肆,蓬,蜂,蝗,逢,锋,键"
5,ZHHZPN,1059,4,"原,域,崇,很,惑,或,战,条,根,棕,浪,涤,狠,痕,良,银,限,食,餐"
6,HHSPNSZ,695,4,"和,犁,秘,积,称,秽"
6,HSHPSGHH,384,4,"储,屠,暑,曙,睹,绪,者,著"
6,HSHSHPN,701,4,"宾,攻,牧,玫,致,赵,鬓"
6,HSHSZPN,713,4,"坎,贡,溃,责,贵,赁"
6,HSSHHHZN,383,4,"取,娶,摄,最,聚,镊,骤"
6,HSSHSZH,667,4,"勤,嗤,店,惦,掂,措,横,燕,猎,苛,藏,谨,遭,靴,靶,鞋,鞍,鞠,鹊,黄"
6,HSSZHHH,703,4,"乾,嘲,媳,朝,楣,盾,砖,道"
6,HSZHSZH,686,4,"品,噪,悟,捂,操,晤,梧,澡,绢,绳,语"
6,NZHHZPN,700,4,"根,浪,良,食,餐"
6,PNPNSZH,698,4,"容,溶,裕,谷,豁"
6,SHSHSZH,691,4,"告,洁,浩,玷,站,糙,造,酷"
6,SZHSZPN,729,4,"吹,员,砍,窝,陨"
7,HHSHSSHH,387,4,"唾,垂,捶,班,锤"
7,HSPNSZHHH,187,4,"喳,想,查,棍,棵,渣,碴,程"
7,HSSHSGHH,377,4,"借,惜,撒,散,昔,曹,腊"
7,NPHSPNNPH,191,4,"娄,搂,数,楼,缕"
7,SNPSZSZH,385,4,"倘,尚,棠,淌,趟,躺"
7,SZHHHSPN,386,4,"剿,味,桌,课,颗"
8,HSSGHHHHPN,96,4,"填,慎,真,镇,颠"
8,NHNSHSZHH,186,4,"幢,彰,撞,暗,樟,瞳,章,童,竭,障,音"
2,GHG,2202,3,"我,蘸,钙,鲫"
2,GZH,2197,3,"乌,厦,泡,英,颖"
2,HGS,2190,3,"廓,蚓,鄙,韩"
2,NGZ,2200,3,"婉,序,怨,抒,梭,盈,繁,翅,翠,舒,豫,野,鸳"
2,NHH,2192,3,"举,刽,叁,夸,奉,奏,秦,绘,胯,赢,蹭,雾"
2,NHP,2195,3,"凳,夜,彤,悯,惨,掖,斋,渗,震"
2,NNT,2196,3,"柒,梁,江,涯,烫"
2,PHN,2201,3,"琴,笼,筋,篇,篷"
2,PNN,2198,3,"今,令,伶,冷,吟,含,念,捻,氮,突,翎,贪,这,迹,送,邻,隧,零,领"
2,PPN,2193,3,"亥,刻,匆,咳,啄,孩,核,毅,毯,灰,灵,灸,灾,炎,炭,烫,焚,琢,碳,该,豫,骤"
2,SHH,2199,3,"上,丑,仁,伟,传,幢,撞,瞳,童,羞,行,衙,让,钮"
2,SHN,2191,3,"篇,蝙,蟹,蠢,触"
2,SZZ,2203,3,"饶,馆,馋,馒"
2,ZPZ,2194,3,"囱,图,宽,搁,棍,比,窗,见,觅"
3,GHHG,1963,3,"摩,摹,撬,攀"
3,GSZN,1958,3,"反,版,盘,贩,饭"
3,GZGN,1960,3,"拯,永,泳,溪,脉,蒸,袋,裂,辕"
3,GZHHH,1585,3,"且,植,殖,沮,组,诅,阻"
3,GZPN,1961,3,"依,咏,城,尔,尿,恨,成,水,泵,诚"
3,HGSH,1966,3,"唬,彪,徘,排,撮,斟,滤,罪,耳,耸,聂,职,菲,虎,虑,虚,誓,诽,辈,靠,靡"
3,HHPZ,2026,3,"元,无,完,履,慧,缓,肠,胞,脆,藐,衰,貌,镜,院"
3,HNNP,1925,3,"受,嚼,妥,授,摇,滔,爱,爵,稻,舀,觅,谣,遥,馁"
3,HPSG,1962,3,"储,喘,堕,夏,存,屠,希,揣,斋,暑,曙,看,睹,研,硫,碌,碴,糯,绪,者,荐,著,需"
3,HPSZ,1968,3,"倾,布,硕,碑,端,耍,蘑,须,颂,颗,颜"
3,HSHG,1935,3,"丐,功,励,却,场,握,睦"
3,HSSN,1929,3,"严,吵,妙,循,慌,湿,犀,砂,纱,芒,范,茫,荡,菠,萍,落,蓄,薪,藻"
3,HSTN,1945,3,"壕,掷,搁,琅"
3,HSTZ,1939,3,"扫,扬,报,捅,搔"
3,HZGP,1947,3,"冻,切,陈,雅,鸦"
3,HZZN,1949,3,"玄,瓦,瓮,瓶,瓷"
3,NHGN,1969,3,"对,弃,狡,窒,褥,饺"
3,NHGP,1967,3,"仿,妨,房,方,纺,肪,芳,访,财,防"
3,NHHS,1928,3,"悉,瞬,磷,荒,谎,贼,释,降"
3,NHNS,1924,3,"嘀,嫡,摘,毅,滴,竣,舶,靖"
3,NHSH,1926,3,"侄,倒,到,劲,坚,坠,垒,垫,室,尘,屋,径,怪,氢,社,经,至,褥"
3,NNSP,1965,3,"汹,沦,沧,涎,淆,湃,溜"
3,NPHS,1943,3,"伞,僧,曾,粪,糯,谱,蹭"
3,NSGH,1932,3,"塞,宁,守,富,寨,沃,贮,赛,阔"
3,NSGNPH,1106,3,"按,案,氨,鞍"
3,NSZN,1931,3,"安,汉,澄,闹,鹅"
3,NTPN,1964,3,"函,剥,录,摔,暴,求,泰,涵,漆,率,碌,糠,绿,膝,藤,蟀,逮,黍,黎"
3,PHHZ,1959,3,"姨,气,氨,氯,汽"
3,PNNG,1953,3,"令,冷,氮,翎,领"
3,PSHZ,1957,3,"代,伐,侥,倾,符,筏,袋"
3,PSSG,1956,3,"仇,仙,儡,褒"
3,PZPN,1946,3,"哀,垄,庞,欠,派,猿,笼,聋,衣,袁,袭,裁,裹"
3,SGHG,1950,3,"像,写,嫁,泻,蔓,螟"
3,SGHS,1948,3,"任,删,副,唬,啊,喂,喧,备,定,宠,淀,渔,甸,畦,绽,蓄,虱,虹,蚊,蚜,蛆,蛔,蛙,蛤,蛹,蝠,螃,蠕,逼,邮,锭,鲁,鲸,鳖"
3,SGNN,1952,3,"恳,惫,穗,蟋"
3,SNPS,1927,3,"伙,堂,恢,憎,琐"
3,SNSH,1930,3,"徽,忧,怀,怖,惰,愤,懂,败,赦,镰,隧,鳖"
3,SPHG,1944,3,"奶,好,妖,姐,婿,嫂"
3,SPHZ,1941,3,"伤,她,妇,妈,媚,季,怒"
3,SZPZ,1954,3,"囱,图,宽,搁,窗,见"
3,SZSG,1955,3,"他,峻,猛,衡,询"
3,ZHPZ,1933,3,"兄,兑,兜,况,吸,宏,悦,税,纸,终,缘,脱,蜕,说,锐,阅"
3,ZSHH,1934,3,"丑,羞,让,钮"
3,ZSHZ,1942,3,"巴,疤,笆,耙"
3,ZZHH,1938,3,"争,净,挣,狰,皱,睁,筝,纯,练,缓,趋"
4,GHZPN,1586,3,"乐,俄,杂,碱"
4,GNSZH,1582,3,"俗,勇,始,桶,治,浴,澈,蛹,蝎,蠢,袖,裸,褐,踏,通"
4,GNTPN,1583,3,"函,剥,暴,求,涵,碌,糠,绿,膝,逮"
4,GSNPH,1581,3,"凿,恶,憎,碰,虚"
4,GSSZN,1577,3,"坡,彼,披,玻,皮,跛"
4,GSZNN,1579,3,"忌,瓜,瓤,返"
4,GSZPN,1580,3,"傻,攒,货,贪"
4,HGTHZ,1544,3,"打,批,找,拒,拣,挠,揩"
4,HGTSN,1594,3,"扑,扒,扮,挑"
4,HHSGS,1570,3,"哪,娜,帚,帮,挪,淘,那"
4,HPNHH,1556,3,"举,叁,夸,奉,奏,秦,胯"
4,HSHHH,1569,3,"匪,啡,坛,套,悲,慧,拜,款,湃,玩,琴,瑟,肆,非,韭,鬓"
4,HSHSH,1528,3,"压,宾,岳,庄,徒,攻,牧,玫,致,赃,走,赴,赵,赶,起,趁,超,越,趋,趟,陡,霍,霎,鬓"
4,HSHSZ,1560,3,"圾,坝,赤,坞,志,思,恐,漏,玖,现,瑞,略,赫,路,遗,靠"
4,HSPNG,1565,3,"攀,李,板,析,枷,槐,租,籽"
4,HSPNP,1572,3,"杉,松,柳,栓,桅,榴,樊,橡,秃,移,稀,褒,鳞"
4,HSPNS,1564,3,"俐,利,厢,和,喳,嗽,想,朴,机,杏,杰,极,构,枕,枪,枫,柏,查,栅,桃,梨,棉,棍,棵,渣,湘,犁,痢,相,碴,种,秒,秘,积,称,秽,程,稠,穆,箱,粗,翻,赖,霜,颓,香,黎"
4,HSSGH,1558,3,"厚,啥,姑,宿,椭,百,矾,砚,随"
4,HSSHS,1588,3,"借,出,惜,撒,散,昔,曹,槽,磺,糟,腊,茁,茸,蕾"
4,HSSNH,1561,3,"循,慌,犀,芒,蓄"
4,HZSHZ,1552,3,"虏,虐,轧,轻,载"
4,NHNZH,1548,3,"享,凳,墩,廓,烹,贬,遏,郭"
4,NPSGHH,1107,3,"俏,偿,削,哨,嘹,尝,屑,捎,梢,省,硝,稍,阐"
4,NSNHS,1553,3,"坐,座,挫,碎,粹,醉"
4,PGNGH,1573,3,"鸦,鸯,鸳,鸵"
4,PHSZH,1537,3,"吝,如,榕,藏,蠢"
4,SGHZHS,1113,3,"军,挥,荤,辉"
4,SHGHS,1543,3,"徙,政,步,涉,濒,趾,轿,频,鸿,龄"
4,SHHSH,1563,3,"债,凭,凿,卦,性,摆,昨,牲,献,生,罢,辕"
4,SHNPH,1584,3,"威,笙,腰,苹,荚,莱,霎"
4,SHSHP,1546,3,"乒,先,兵,宪,攒,此,洗,赞,选"
4,SHSNN,1567,3,"伏,厌,憔,状,瞧,礁,糕,羔,蘸,袱,震,霜"
4,SPHZN,1562,3,"努,奴,帐,漫"
4,SPSNS,1554,3,"灼,灿,炊,炮,烟,熄,燃,爆"
4,SSSSN,1536,3,"侧,啸,州,测,溅,箫,肃,萧"
4,SSZHS,1566,3,"仲,佃,佩,冲,描,榴,溜,灌,猫,瞄,罐,苗,茧,荣,锚,馏"
4,SSZPN,1575,3,"冰,商,喷,岗,愤,戒,深,诫,质,费,页"
4,SZHGG,1571,3,"吼,呜,鸣,龟"
4,SZHPZ,1559,3,"兄,兑,况,吸,宏,悦,税,脱,说,锐,阅"
4,SZHSN,1650,3,"决,因,处,央,快,恩,筷"
4,SZHSPN,1128,3,"喇,困,垛,嫩,懒,朵,束,漱,癞,跺,辣,速,闲"
4,ZNHSH,1568,3,"侄,倒,到,劲,坚,垫,室,屋,径,怪,氢,经,至"
5,GSHSHP,1142,3,"乒,兵,宪,攒,赞"
5,HGTHZP,1143,3,"批,找,挠,揩"
5,HHHSZS,1140,3,"契,晒,耽,腻,贰,邦"
5,HHSHHH,1127,3,"匪,啡,悲,慧,拜,湃,玩,琴,瑟,韭"
5,HHSHPN,1130,3,"憨,敢,橄,煞,玲,珍,羹"
5,HHSHZN,1129,3,"式,拭,涛,试"
5,HHSNPH,1124,3,"凄,善,墙,妻,晃,膳,金,鉴"
5,HNPHSN,1110,3,"侠,夹,峡,挟,狭,陕"
5,HNZHNSH,714,3,"喜,嘉,豆,豌,蹬,逗,鼓"
5,HPSZSN,1111,3,"倾,须,颗,颜"
5,HSGSPN,1139,3,"协,枣,棘"
5,HSHNZH,1118,3,"延,猿,罩,逛"
5,HSHSGS,1144,3,"壳,壶,珊,赫"
5,HSHSZN,1103,3,"圾,志,思,恐,玖,略,路"
5,HSPNHPN,721,3,"奥,懊,枢,樊,澳,类"
5,HSPNNZH,717,3,"榔,粮,褪,谜,迷"
5,HSPNPZ,1115,3,"柳,桅,橡,秃,移,褒,鳞"
5,HSPNSG,1121,3,"构,枕,栅,梨,痢,种,箱,粗,霜,香,黎"
5,HSPNSN,1122,3,"朴,杰,枪,桃"
5,HSPNSS,1119,3,"俐,利,厢,柏,棉,湘,相,秒,穆"
5,HSZHSH,1075,3,"亩,僵,富,幅,强,惫,播,潘,番,疆,福,细,缰,舅,蝠,辐,鼻"
5,HSZSNH,1104,3,"奕,奠,洒,西,蹲,遵,陋"
5,HSZSSH,1102,3,"孟,牺,膘,配,酗,酝,酵,酸,酿,醇,醉,醋"
5,HZNHSH,1105,3,"侄,倒,到,室,屋,经,至"
5,NHGPSH,1145,3,"施,旋,旗,游,激,簇,缴,邀"
5,NHNSHS,1147,3,"产,倍,剖,培,境,幢,彰,意,撞,暗,樟,焙,瞳,竞,竟,章,童,竭,端,菩,谚,赔,部,陪,障,音,韵,颜,飒"
5,NHNSSGNHGP,95,3,"傍,榜,磅,膀,谤"
5,NHSNHHS,715,3,"病,症,痘,瘩"
5,NHSZHZSN,393,3,"凉,就,影,晾,谅"
5,NPHHSS,1108,3,"判,屏,并,瓶"
5,NSGHHG,1163,3,"宅,宇,熊,筋,踪"
5,PHHHZH,1065,3,"衔,针,钉,钙,钝,钱,钳,铐,铸,链,错"
5,PHZGNHN,710,3,"敏,每,海,霉"
5,PZHSZH,1135,3,"客,落,阁,露,额"
5,PZZHHG,1136,3,"净,挣,皱,睁"
5,SGHHPZ,1114,3,"慧,肠,脆,衰,院"
5,SGHHSG,1116,3,"喻,懈,畅,肿,胆,解,酌"
5,SGSGHH,1117,3,"宜,旭,酬,骨"
5,SGZSSH,1112,3,"恤,盅,血,衅"
5,SHHSHS,1146,3,"债,凭,凿,卦,昨,献,辕"
5,SHSSZH,1141,3,"估,佑,哲,沽,苦"
5,SHSZPN,1078,3,"坎,贡,溃,茂,贞,责,贯,贵,贾,赁"
5,SHZGNHN,712,3,"侮,悔,晦,梅,毒,诲"
5,SPSNSG,1109,3,"灼,炊,烟,爆"
5,SSHHHH,1138,3,"旺,盯,盹,眨,眶,睬,瞬"
5,SSHSZH,1137,3,"勤,嗤,帖,店,悼,惦,掂,措,横,沾,燕,猎,苛,苫,藏,谨,遭,靴,靶,鞋,鞍,鞠,鹊,黄"
5,SSSZHH,1133,3,"伯,募,寞,暮,模,泊,源,溯,漠,膜,草,莫,蟆,馍"
5,SSZSZH,1134,3,"徊,晌,沿,茴,萤,营,鄙"
5,SZHGSS,1123,3,"佛,别,咖,捌,沸,破"
5,SZHHGS,1132,3,"哑,显,围,服,熄"
5,SZHHNPH,722,3,"呼,堰,宴,砰,胖,腾"
5,SZHHSN,1126,3,"傅,博,吓,吠,帽,幌,搏,敷,甫,脯,葡,辅,鞭"
5,SZHHZS,1125,3,"吨,愿,殷,肥"
5,SZHSHHS,730,3,"兽,画,翼,闺,鲤,鳄"
5,SZNHSH,1120,3,"坚,垫,径,怪"
5,SZSNSZSNNPH,50,3,"婴,樱,缨,鹦"
5,ZZHSZH,1131,3,"绅,织,词,饲"
6,GNSZHHS,711,3,"勇,澈,蛹,通"
6,HHSPNZP,718,3,"栽,秀,绣,锈"
6,HSHPSZH,678,3,"厦,埠,堵,奢,岩,煮,猪,署,薯,诸,赌,都"
6,HSHSZHH,674,3,"坤,坦,情,惰,晴,猜,睛,精,请,青,靖"
6,HSHSZSN,749,3,"坝,赤,漏,赫,遗"
6,HSPNHHS,720,3,"杆,枉,械,秆"
6,HSZHHSH,705,3,"便,哩,埋,惠,懂,更,理,醒,重"
6,HSZSSHH,684,3,"膘,配,酗,酝,酵,酿,醇,醉,醋"
6,NHSZHSZSZH,97,3,"搞,稿,蒿,镐"
6,NSGHSHPH,394,3,"定,淀,绽,锭"
6,NSZHSHN,687,3,"搔,烛,蚕,蚤,蛮,蜜,骚"
6,NSZSZHH,716,3,"涧,简,间,闸"
6,NZHSSGHSS,211,3,"偏,编,翩,骗"
6,PHHHZSZ,690,3,"钢,钦,钩,铅,铝,锅,锡,锣"
6,PNHHGPN,708,3,"捺,斜,标,赊"
6,PNHHZPN,709,3,"余,叙,奈,徐,栈,禁,襟"
6,PNHSZHG,707,3,"命,拿,盒,鸽"
6,SGHHSHH,719,3,"厘,猩,硅,腥,董,野,量,髓"
6,SPSNHHHSH,195,3,"催,摧,淮,雇,鹰"
6,SSGHHHP,706,3,"墓,射,慕,摸,摹,谢,躬,躯,躺"
6,SSSHNSZS,391,3,"临,揽,滥,监,篮,蓝"
6,SZHHHPN,723,3,"吴,娱,幕,误"
6,SZHHPGP,688,3,"剔,揭,易,歇,渴,葛,蒙,蔼,谒,赐"
6,SZHHSPN,724,3,"保,呆,堡,架,燥,臊,菌,躁"
6,SZHHSZS,725,3,"幔,慢,温,瘟,盟,绵,蕴,藕,遇,隅"
6,SZHHZPN,673,3,"原,域,崇,很,惑,或,战,棕,限"
6,SZHSHGH,668,3,"啃,跃,跌,践,跷,踊,踏,踩,蹂,蹈,蹦,蹬,躏"
6,SZHSZHH,675,3,"哭,器,噩,嚣,愕,捐,湖,硼,碍,糊,肾,胡,葫,赢"
6,SZHSZNN,727,3,"总,恕,聪,逸"
6,ZHHGNTPN,390,3,"剥,碌,绿,逮"
6,ZHSHSSZH,389,3,"剧,居,据,锯"
6,ZHSSZSN,726,3,"顶,顷,顽,顾,顿,预"
6,ZHSZHSH,728,3,"富,幅,强,惫,福,细,蝠,辐"
7,HSZHHZPN,388,3,"域,惑,或,战"
7,NZHSSZHSS,198,3,"匾,扁,篇,蝙,遍"
7,SZHSHGHH,396,3,"跃,践,跷,踩,蹈,躏"
8,HSSHSZHHS,196,3,"靴,靶,鞋,鞍,鞠"
8,HSSZHSZHH,194,3,"湖,碍,糊,胡,葫"
8,NHSHSPNHSPN,48,3,"摩,磨,魔,麻"
8,NSGHHHSSZH,98,3,"割,害,豁,辖"
8,ZHNHNSHHS,185,3,"僻,劈,壁,璧,薛,譬,辜,辞,辟,辫,避,霹"
9,NHNSHSZHHHS,47,3,"彰,樟,章,障"
9,NHNSHSZHHSHH,23,3,"幢,撞,瞳,童"
11,ZHSSZHNHNSHHS,8,3,"劈,壁,璧,辟,避"
2,GHS,2215,2,"哗,悼,桦,评"
2,GNN,2217,2,"买,卖,图,实,擒,熄,读,赎,馋"
2,HGP,2208,2,"万,傲,放,敷,施,旋,旗,游,激,熬,簇,纫,缴,豺,赘,邀"
2,HGZ,2219,2,"恍,毅,裂,豫"
2,HPG,2205,2,"侥,凳,挠"
2,HZH,2214,2,"婚,昏,疟,蜓"
2,NGG,2223,2,"予,揉,柔,橙,登,瞪,矛,穆,舱,葵,蹬"
2,NGP,2204,2,"炎,粉,贫,贸"
2,NSH,2216,2,"短,粒,铲,锌,镜"
2,PGG,2206,2,"勾,勿,嚷,橡,翰,褐,遂,锡,须"
2,PHH,2211,2,"智,氧,舞"
2,PNS,2213,2,"个,乔,介,价,侨,刺,剂,娇,桥,矫,耸,荞"
2,PNZ,2212,2,"分,斟,躯"
2,PSP,2209,2,"仰,像,化,华,哗,桦,液,腋,货"
2,PSZ,2207,2,"倾,布,慌,琉,疏,硕,碑,端,耍,蘑,须,颂,颗,颜"
2,SHG,2218,2,"冀,爬,背,色"
2,SPS,2221,2,"炸,烛,焊"
2,ZGS,2220,2,"勘,砌,票"
2,ZSG,2224,2,"也,创,盹,髓"
2,ZSP,2222,2,"第,陶,隆"
2,ZSZ,2210,2,"弛,豫,饥,饱"
3,GHSH,2027,2,"丘,淫,蚯"
3,GNNZH,1667,2,"过,运,逃,逐"
3,GNZH,2025,2,"港,辽,鸟,鹃"
3,GSHP,2007,2,"旅,族,楚,蛋"
3,GSPN,2021,2,"办,协,枣,棘,策,递"
3,HGNG,2008,2,"寡,曼,毯,瀑,爆"
3,HGSN,2006,2,"姨,孙,掠"
3,HGTN,1993,2,"扩,抗,护,拦,拧,拼,挖,掠,揖,摔,撤,擅,攘"
3,HHHZ,1973,2,"寻,渠,眠,纬,蓖,衔,辱,针,钉,钓,钙,钝,钞,钟,钢,钥,钦,钧,钩,钮,钱,钳,钻,钾,铁,铃,铅,铆,铐,铛,铝,铡,铣,铭,铲,银,铸,链,销,锁,锄,锅,锈,锉,锌,锐,错,锚,锡,锣,锤,锦,锨,锭,键,锯,锰,锻,镀,镇,镊,镐,镜,镰,镶"
3,HNZH,1990,2,"乏,享,凳,勒,墩,廓,延,泛,烹,猿,罩,贬,逛,遏,郭,霸,革,鞭"
3,HPHG,2015,2,"紊,老,考,铐"
3,HPPP,2023,2,"修,寥,渗,谬"
3,HPZG,2020,2,"哮,孝,教,表,袭,裳,酵"
3,HSTH,1994,2,"堰,抚,撬,擂,牡,特"
3,HZGN,1995,2,"弦,晨,眼,艰,酿,震"
3,HZHS,1997,2,"军,挥,荤,车,辈,辉"
3,HZZH,2002,2,"互,吗,涎,玛,蜒"
3,NHSG,1986,2,"禀,迹,鹿"
3,NHSZ,2028,2,"凛,壤,檩,镶,颤"
3,NHZN,1974,2,"夺,梳,流,硫,翁"
3,NNSN,1975,2,"泞,泣,淤,溯,溶,滚,漩,澈,澜,澡"
3,NNSZ,2029,2,"涩,涵,溉"
3,NPHH,1996,2,"兰,关,养,券,卷,唉,圈,埃,差,拳,挨,援,搓,暖,氧,洋,痒,盖,祥,羞,翔,详"
3,NPSG,1985,2,"党,常,弊,憋,掌,搅,撇,撑,敞,膛,蔽,觉,赏"
3,NPSN,1999,2,"淡,火,灭,痰,谈"
3,NSGP,2022,2,"它,宿,汤,缩"
3,NSZG,1976,2,"冯,寂,窗,鸵"
3,NSZP,1978,2,"沼,窒,粱,阀,驼"
3,NZPN,1991,2,"系,紧,累,螺,讼,诊,骡"
3,PGGN,2003,2,"勾,嚷,翰,褐"
3,PGPN,2014,2,"匈,囊,狱,瓤,蝎,衷"
3,PNGP,2010,2,"吩,夯,盆,纷,颁"
3,PNPN,1951,2,"交,众,咬,悴,效,校,父,爽,绞,翠,脊,较,郊,驳"
3,PNSS,2004,2,"乔,介,价,侨,刺,剂,娇,桥,矫,荞"
3,PSSZZ,1659,2,"你,役,您"
3,PSZN,2019,2,"仅,似,叛,瓣"
3,PZHS,2012,2,"危,檐,毕,瞻"
3,SGSN,2017,2,"尊,崔,欧,歇,歌,灯,酒"
3,SHSH,1987,2,"乒,先,兵,壮,宪,扯,提,攒,此,洗,赞,选"
3,SHZN,2011,2,"丢,劫,去,寇,式,怯,拭,敲,武,法,涛,试,铸"
3,SNPZHH,1152,2,"当,挡,档,裆"
3,SNSG,1977,2,"惧,撼,购,赢,躏"
3,SNSZ,1982,2,"们,否,忆,惯"
3,SNZH,1989,2,"巡,庐,芝,芦,莲,蟹,褪,边,迁,迅,迎,近,进,违,连,逆,逝,遥"
3,SPZN,1971,2,"将,岁,桨,浆,秽,蒋,酱"
3,SSHZ,1998,2,"片,牌,牍"
3,SSNP,2001,2,"劣,少,恍,炒"
3,SSSH,2024,2,"临,揽,榄,滥,监,篮,缆,蓝,览,鉴,附,顺,魄"
3,SSZH,1992,2,"加,嘀,嫡,摘,滴,糖"
3,SZHNHS,1176,2,"吭,矿,碎"
3,SZHP,2005,2,"免,兔,冕,勉,只,叭,呛,啥,喻,嗡,娩,帜,挽,搀,晚,涣,焕,痪,职,识,馋"
3,SZSZ,1984,2,"倘,册,向,回,尚,局,徊,搞,晌,棠,沿,泼,涧,淌,碗,稿,简,篙,舰,船,茴,萤,营,蒿,裳,趟,躺,鄙,镐,问,间,闷,闸"
3,TZPN,1970,2,"兆,桃,跳"
3,ZGHG,2016,2,"绝,靶,饿,驰"
3,ZGSH,1980,2,"凹,艳,要,覆,诉,诞,面"
3,ZHHS,1979,2,"侵,埠,寝,巍,浸,讲,魏"
3,ZHHZPH,1194,2,"垦,恳,绕"
3,ZNGG,2000,2,"橙,登,瞪,矛,葵,蹬"
3,ZNGH,2013,2,"歼,远,鸠,鸡,鹉,鹏,鹦,鹰"
3,ZNGS,2018,2,"劝,脚,鲫"
3,ZNGZ,2009,2,"怨,盈,翠,野,鸳"
3,ZNPN,1972,2,"以,必,瑟,议"
3,ZNPZ,1988,2,"侈,允,充,吮,哆,多,够,滚,爹,统"
3,ZNZN,1940,2,"双,嗓,垒,桑,缀"
3,ZPPN,1981,2,"亥,刻,匆,咳,啄,孩,核,琢,该"
3,ZZTS,1983,2,"级,纵,绵"
4,GGNGH,1669,2,"鸥,鹊,鹤"
4,GHHPZ,1673,2,"慧,缓,肠,脆,衰,貌,院"
4,GPSZH,1637,2,"嘉,招,笤"
4,GSGHH,1664,2,"宜,掰,旨,旭,酬,骨"
4,GSNZH,1665,2,"边,迎,违"
4,GSZHH,1672,2,"僚,嗜,撩,滑,潦,猾,瞭,缭,镣,鳍"
4,GZSSH,1671,2,"恤,皿,盅,盔,血,衅,隘"
4,HGHGH,1555,2,"嘴,怔,歪,证,跟"
4,HGSHS,1551,2,"匠,听,毡,漩,牌,籍"
4,HGSHZ,1599,2,"唬,滤,虎,虑,虚"
4,HGTHHS,1204,2,"扶,抹,插,撵"
4,HGTSG,1592,2,"抛,押,担,捏,探"
4,HGTSZ,1591,2,"扣,执,投,抱,抽,拥,捉,捍,捣,提,热"
4,HGTZS,1595,2,"扭,把,拙,拨"
4,HHPNZ,1630,2,"呕,泰,添,蔑,藤,驱"
4,HHSGN,1640,2,"德,掰,琅,隐"
4,HHSZS,1635,2,"制,契,掏,晒,曙,缸,缺,耽,腻,贰,邦,陆,陶"
4,HHZGN,1660,2,"眼,艰,酿,震"
4,HHZSN,1661,2,"叔,涂,祭,蒜,除"
4,HNHGP,1615,2,"妨,纺,肪"
4,HNNPS,1617,2,"受,嚼,授,摇,爱,觅,谣,遥"
4,HPNSS,1596,2,"乔,侨,剂,娇,桥,矫,荞"
4,HPSGH,1557,2,"储,堕,夏,屠,暑,曙,看,睹,研,硫,碌,绪,者,著"
4,HPSZS,1602,2,"倾,布,端,耍,须,颗,颜"
4,HSHGH,1620,2,"卸,址,御,惩,正,蔫,赋,鹉"
4,HSHHP,1576,2,"侯,候,医,喉,坏,垮,环,琢,痹,衡,跨"
4,HSHNH,1626,2,"坊,坑,坟,斑,琉,装"
4,HSHSG,1604,2,"儡,周,哥,壳,壶,壹,婿,巩,戴,撼,歌,清,猬,珊,甥,糜,腹,蘑,蜻,谓,赫,静,靡"
4,HSHSS,1619,2,"剧,唾,垂,奔,居,屈,屉,展,嵌,席,度,庶,据,捶,殿,渡,班,睡,碾,臀,蔗,踱,遮,锤,锯,镀"
4,HSHZH,1547,2,"块,库,廷,挺,艇,裤"
4,HSHZP,1549,2,"厉,屁,庇,男"
4,HSPNZ,1645,2,"权,杈,杨,树,栽,梭,楣,橘,督,秀,私,绣,锈"
4,HSSNP,1616,2,"严,吵,妙,湿,砂,纱"
4,HSSPS,1608,2,"孽,花,蓖"
4,HSSZS,1642,2,"厕,响,掀,涮,烦,硕,芭,萨,顶,顷,项,顽,顾,顿,颁,预,颅,领,颇,颈,颊,题,额,颠,颤"
4,HSSZZ,1655,2,"擒,药,蕴"
4,HZSHH,1606,2,"纽,肄,轩,转"
4,HZSHS,1607,2,"声,轨,轮"
4,NHPHSS,1149,2,"挤,济,荠,齐"
4,NHSPN,1550,2,"探,梁,碟,蝶,谍"
4,NHZNSSZ,761,2,"梳,流,硫"
4,NNPPN,1590,2,"毯,灸,炎"
4,NNSNH,1675,2,"泣,淤,滚,漩,澈"
4,NNSNS,1676,2,"泞,溯,溶,澜"
4,NNSPN,1589,2,"汹,沦,沧,淆"
4,NPHHH,1609,2,"兰,养,差,搓,氧,洋,痒,盖,祥,羞,详"
4,NSGHH,1614,2,"宅,宇,庵,昼,替,潜,熊,眷,筋,腌,袒,踪"
4,NSGSZ,1601,2,"婶,官,宙,审,宫,密,棺,池,管,腕,馆"
4,NZSSH,1593,2,"盆,盖,盘"
4,PGPNZ,1648,2,"匈,狱,蝎"
4,PGZHZ,1656,2,"刨,袍,雹"
4,PHHSH,1674,2,"年,星,狂,窿,萄"
4,PHSHH,1658,2,"乍,作,墨,炸,熏"
4,PHSPN,1657,2,"屎,彩,揉,来,柔,柬,澜,米,粘,粟,粤,精,糊,糜,继,菊,蟋,蹂,采,鞠"
4,PNNZH,1643,2,"这,迹,送,隧"
4,PNNZN,1654,2,"伶,邻,零"
4,PNSZH,1574,2,"俺,吞,奄,容,春,欲,淹,溶,熔,狞,裕,谷,豁"
4,PSHHZ,1663,2,"伟,传,行,衙"
4,PSZHH,1545,2,"宵,峭,悄,揩,消,燎,白,肖"
4,PSZNN,1662,2,"孤,弧,忍,忽,忿"
4,PZNGH,1647,2,"歼,远,鹏,鹰"
4,PZNHHS,1205,2,"瞬,磷,降"
4,PZSZHP,1068,2,"免,兔,冕,勉,娩,挽,搀,晚,涣,焕,痪,馋"
4,SGSSH,1605,2,"漂,罚,蜀,酣,酥"
4,SGZHHH,1168,2,"植,殖,沮,阻"
4,SHHGSN,1227,2,"坯,新,椒,淑"
4,SHHHS,1627,2,"段,癣,群,锻,鲜"
4,SHNZH,1668,2,"勒,延,泛,猿,罩,逛,霸,革,鞭"
4,SHSPN,1587,2,"休,体,床,断,沐,渊,粒,粥,粹,糕,释"
4,SHZZH,1677,2,"涎,玛,蜒"
4,SNHHHSH,666,2,"催,准,售,唯,堆,截,戳,推,携,摊,摧,椎,淮,滩,灌,焦,瘫,祷,稚,维,罐,耀,蕉,谁,躏,锥,难,雀,雁,雄,雅,集,雇,雌,雏,雕,霍,鹤,鹰"
4,SNNZH,1598,2,"炉,达,还,迟,逊"
4,SNPHPZ,1153,2,"光,耀,辉"
4,SNSNH,1629,2,"丛,忙,诬"
4,SPSNH,1610,2,"灶,炬,炼,烁,烤,燎"
4,SPSNN,1611,2,"炕,炫,熔,燥"
4,SSHPZN,1208,2,"箩,罗,舞,萝,葬"
4,SSNZH,1578,2,"巡,芝,芦,褪,进,逆"
4,SSZNN,1644,2,"夜,忠,患,掖,芯,蕊"
4,SZGSH,1603,2,"凹,覆,面"
4,SZHGP,1628,2,"叨,团,惊,感,景"
4,SZHHN,1597,2,"呼,堰,宴,砰,肮,胖,脉,脏,腾"
4,SZHSG,1646,2,"亭,亮,吻,嚷,癌,蜻,衙"
4,SZHZGH,1184,2,"谆,邑,驾,骂"
4,SZHZP,1639,2,"京,减,另,咸,喊,憾,琼,闭,鲸"
4,SZHZS,1649,2,"凯,叫,吧,啊,囤"
4,SZNGH,1631,2,"鸡,鹉,鹦"
4,SZSNS,1653,2,"两,俩,则,婴,樱,满,瞒,缨,网,辆,鹦"
4,ZHHHH,1670,2,"健,凰,嗅,峰,建,律,悍,惧,惶,掌,旱,肝,津,焊,煌,皇,算,篷,绑,缝,肄,肆,臭,蓬,蜂,蝗,逢,锋,键"
4,ZHHPZ,1625,2,"完,履,胞,藐,镜"
4,ZHNSH,1624,2,"厨,喜,嘉,嬉,彭,橙,澄,澎,痘,登,瞪,膨,豆,豌,蹬,逗,鼓"
4,ZHSZS,1638,2,"倔,勋,卧,吊,啰,圆,损,掘,敲,祸,谭,贺,高"
4,ZPSZH,1621,2,"召,昭,绍,茄"
4,ZSHHS,1641,2,"牢,许,阱"
4,ZSZPN,1636,2,"讽,赞,饮"
4,ZZHHZ,1623,2,"争,狰,纯,练"
4,ZZHPZ,1622,2,"纸,终,缘"
5,GHHSGS,1220,2,"哪,娜,挪,那"
5,GHHZPN,1218,2,"娘,宗,狼,综,薪,跟,隙"
5,GHPNSS,1217,2,"侨,娇,桥,矫,荞"
5,GPSZNN,1222,2,"弧,忽,忿"
5,GSHZHH,1215,2,"掐,插,舀,陷"
5,HGNTPN,1148,2,"剥,求,碌,绿,膝,逮"
5,HGSHPN,1231,2,"供,冀,撰,粪"
5,HGTHSH,1221,2,"扛,拷,持,挂,振"
5,HGTHSN,1216,2,"抠,挎,掩"
5,HGTNHS,1213,2,"扩,抗,掠,擅,攘"
5,HGTSZH,1225,2,"扣,抽,拥,捉,捍,提"
5,HGTSZN,1224,2,"执,捣,热"
5,HHHPNHH,789,2,"奉,奏,秦,胯"
5,HHZNGS,1195,2,"动,即,廊,郎"
5,HNNPGGH,753,2,"乳,俘,孵,浮"
5,HNNPSG,1159,2,"受,嚼,授,爱"
5,HPSGSS,1167,2,"喘,揣,斋,糯,需"
5,HSGSNNH,787,2,"蚪,需,霉,霞"
5,HSGZPN,1189,2,"城,尿,成,诚"
5,HSHGSSZN,419,2,"坡,玻,跛"
5,HSHHGN,1169,2,"寺,层,待"
5,HSHHPN,1187,2,"侯,候,医,喉,垮,衡,跨"
5,HSHHSZN,771,2,"怎,扳,歧,跋"
5,HSHPZGH,740,2,"哮,孝,教"
5,HSHSNN,1157,2,"厌,憔,瞧,礁,糕,羔,蘸,震,霜"
5,HSHSSH,1171,2,"唾,垂,屉,展,嵌,席,度,庶,捶,殿,渡,班,睡,碾,臀,蔗,踱,遮,锤,镀"
5,HSNHSZH,777,2,"倚,奇,崎,椅,畸,短,给"
5,HSPNGGH,763,2,"李,租,籽"
5,HSPNGS,1177,2,"板,析,枷"
5,HSPNHG,1188,2,"攀,朽,材,村"
5,HSPNHZ,1186,2,"柜,栋,楷,秕"
5,HSPNNS,1185,2,"揪,柠,榕"
5,HSPNPN,1170,2,"松,栓,樊,稀"
5,HSSGHH,1164,2,"厚,宿,椭,百,随"
5,HSSHHS,1191,2,"芙,芽,茉,荆,莉"
5,HSSHNZHHS,205,2,"勒,霸,革,鞭"
5,HSSNZH,1183,2,"芝,芦,进"
5,HSSPNZ,1156,2,"变,弯,湾,芬,苍"
5,HSSSZHS,680,2,"描,灌,猫,瞄,罐,苗,茧,荣,锚"
5,HSSZHS,1174,2,"刮,匾,届,庙,扁,熙,篇,蝙,融,遍"
5,HSSZPN,1172,2,"岗,戒,诫,质,页"
5,NHHGPN,1150,2,"察,捺,斜,标,赊,途"
5,NHHZPN,1151,2,"余,叙,奈,徐,栈,残,禁,襟,贱"
5,NHNSSZHSSZH,46,2,"嘀,嫡,摘,滴"
5,NHSPSHGN,424,2,"俯,府,腐"
5,NNSHSSH,754,2,"泄,洪,港"
5,NNSSZH,1226,2,"油,洞,浊,浑,涡,湿"
5,NPHHHP,1166,2,"养,差,搓,羞"
5,NPHSGHH,774,2,"前,晋,普"
5,NPZHGSP,770,2,"弟,梯,涕"
5,NSGPNZ,1162,2,"穷,窟,窿"
5,NSGSZH,1165,2,"婶,官,宙,审,宫,棺,管,馆"
5,NSHSZH,1158,2,"河,浦,煎,蒲,贴"
5,NSSGSZ,1160,2,"啼,帝,忱,浓,缔,蒂"
5,NSSZPN,1161,2,"冰,商,愤,深"
5,NSZHSH,1155,2,"奋,擂,畜,蕾"
5,NSZSSH,1154,2,"楞,溢,盐,盛,磕"
5,NZSGNG,1229,2,"初,袄,被"
5,PHHHZPZ,747,2,"蓖,铆,铭"
5,PNHZPN,1209,2,"刹,杀,茶"
5,PNSZNN,1211,2,"悠,您,憋,葱"
5,PSHSZH,1214,2,"伍,何,使,荷"
5,PSSZHS,1212,2,"仲,佃,佩"
5,PZNPZN,1207,2,"侈,哆,多,够,爹"
5,PZSGHH,1202,2,"卿,嘴,指"
5,PZSZHHS,736,2,"确,蟹,角"
5,PZSZHPN,737,2,"涣,焕,痪"
5,SGHHHS,1196,2,"割,塑,壤,害,息,攘,潮,肚,肢,脚,豁,辖,镶,韩"
5,SGNSZH,1173,2,"治,蝎,蠢,袖,裸,褐"
5,SGSSHPZN,438,2,"箩,罗,舞"
5,SHGHSSP,752,2,"步,涉,濒,频"
5,SHHSPN,1230,2,"朱,栗,殊,沫"
5,SHHZPN,1228,2,"亲,偎,浅,畏,辰,际"
5,SHNSHNH,744,2,"竿,策,箍"
5,SHPSZH,1203,2,"匿,厦,埠,堵,奢,岩,惹,煮,猪,署,若,薯,诸,诺,赌,都"
5,SHSHGH,1219,2,"址,惩,蔫"
5,SHSHPZ,1223,2,"先,洗,选"
5,SNHNNSH,756,2,"检,险,验"
5,SPNGNSZH,437,2,"俗,桶,浴"
5,SSGNHN,1201,2,"舱,艇,艘"
5,SSHHHG,1210,2,"时,眼,睡"
5,SSHSZS,1206,2,"侦,师,狮,蘸"
5,SSSGHH,1193,2,"帕,怕,藤"
5,SSZNHN,1198,2,"舟,航,舰,舵,舷,船"
5,SZHHGN,1180,2,"塌,康,慨,慷,胎,蹋"
5,SZHHHZ,1181,2,"吁,昆,胰"
5,SZHHPG,1179,2,"剔,园,揭,易,歇,渴,葛,蒙,蔼,谒,赐,鬼"
5,SZHHPZ,1178,2,"完,履,胞"
5,SZHHSG,1182,2,"愚,晕,檀,的,砸,脓,萌,颤,魁"
5,SZHHSGZN,446,2,"侵,巍,浸,魏"
5,SZHHSSH,786,2,"哄,寒,甜,辑"
5,SZHSHS,1200,2,"癌,碳,蛾,趴,跑,距,跪,跳,踢,踱,蹄,蹭,蹲"
5,SZHSZS,1076,2,"倔,勋,卧,啰,圆,损,敲,祸,贺,高"
5,SZNSZH,1175,2,"格,涌,胳,苔,赂,酪"
5,ZHHSSSSN,404,2,"啸,肃,萧"
5,ZHSGHH,1192,2,"呻,尾,蝴"
5,ZHSZSZH,790,2,"局,搞,稿,篙,蒿,镐"
5,ZNSZHH,1199,2,"朗,痛,育,臀,诵,辙"
5,ZSHSZHS,734,2,"轴,阿,隔"
5,ZZHHHS,1190,2,"纤,译,骄"
6,GNPHSPN,750,2,"菊,蟋,鞠"
6,HGTNHSZ,733,2,"抗,掠,擅"
6,HHSPNPZ,776,2,"秃,移,褒"
6,HHSPNSS,779,2,"俐,利,秒"
6,HHSSZSN,781,2,"硕,项,颈,题"
6,HNPHSPHSZHSH,25,2,"播,潘,番"
6,HNPHSPN,755,2,"来,粟,继"
6,HPNSZHH,766,2,"俺,奄,春,淹"
6,HPSGHHH,768,2,"堕,夏,看,研"
6,HSGHHSN,785,2,"圃,埂,捕,缚,膊"
6,HSHNZHNSH,237,2,"喜,嘉,鼓"
6,HSHSGHSH,439,2,"儡,戴,甥"
6,HSHSSHH,683,2,"唾,垂,嵌,捶,班,睡,锤"
6,HSHSZHNSH,199,2,"厨,嬉,彭,澎,膨"
6,HSHSZHSPN,225,2,"垛,跺,辣"
6,HSHSZHZPN,201,2,"减,咸,喊,憾"
6,HSNHSZHZ,407,2,"倚,奇,崎,椅"
6,HSPNHHHS,436,2,"框,梆,棒,椿,楔,榛"
6,HSPNHSH,1024,2,"杜,杠,橱,秸"
6,HSPNNHS,769,2,"杭,柿,桩,檀,糖,糠"
6,HSPNNPH,767,2,"娄,巍,搂,数,栏,样,楼,缕,萎,魏"
6,HSPNSZH,775,2,"喳,想,杏,查,棍,棵,渣,碴,程,稠,翻,颓"
6,HSSHGHSPN,246,2,"某,煤,谋"
6,HSSHHHS,732,2,"耻,耿,聘"
6,HSSHPSZH,403,2,"惹,若,诺"
6,HSSSGGP,765,2,"唠,捞,涝"
6,HSSZHSH,780,2,"届,庙,融"
6,HSZSNSN,748,2,"两,俩,满,瞒,辆"
6,HZSHPSHS,433,2,"崭,惭,斩,暂,渐"
6,NHNSSGSZS,212,2,"啼,帝,缔,蒂"
6,NHNZHGGH,421,2,"享,墩,郭"
6,NHSHHSH,760,2,"庭,桂,褂"
6,NHSNTSZ,757,2,"疫,疯,痹"
6,NHSSZSN,758,2,"烦,领,颇,颊"
6,NPHHPNG,772,2,"卷,圈,拳"
6,NPHHSHN,773,2,"姜,漾,羡"
6,NSGHHZPN,434,2,"宗,综,隙"
6,NSGSZHZH,395,2,"官,棺,管,馆"
6,NSHSPNZ,764,2,"断,粥,释"
6,NSSNHHHSH,188,2,"摊,椎,滩,瘫,难,雄"
6,NSZNSZH,762,2,"格,涌,赂"
6,PHHHZHS,746,2,"针,钳,铐,错"
6,PHHHZHZ,745,2,"钉,钝,链"
6,PHHHZSN,743,2,"铃,铛,铡,销,锁,锉"
6,PHNSHNH,742,2,"笑,笔,笨,等,筑,筹,簸"
6,PNHSZHHS,414,2,"偷,愉,梗,榆,穗,输"
6,PNSZSSH,741,2,"楞,溢,盛"
6,PZHHHHS,738,2,"峰,篷,缝,蓬,蜂,逢,锋"
6,PZHHZPN,739,2,"条,涤,狠"
6,PZSGHSHH,412,2,"渔,鲁,鳖"
6,PZSZHSHH,411,2,"癣,鱼,鲜,鲫,鳞"
6,PZZHHSZNN,222,2,"急,瘾,稳"
6,SGHHHSH,778,2,"塑,肚,脚,韩"
6,SGHHSHS,782,2,"喷,所,撤"
6,SGHHSZS,783,2,"偶,寓,愈,锦"
6,SHSHHSH,751,2,"佳,崖,洼,涯,街"
6,SHSZHHHS,405,2,"卓,掉,绰"
6,SNPSZHH,759,2,"宵,峭,悄,消,肖"
6,SSSHNSZPG,245,2,"榄,缆,览"
6,SZHHHSS,784,2,"囊,暴,瓤,瞎,脖"
6,SZHHSHH,794,2,"墅,狸,里"
6,SZHHSZN,788,2,"吱,逾,馒"
6,SZHSHNN,793,2,"蚁,蛀,蛇,蜕,蝉"
6,SZHSHNS,792,2,"蛉,蜈,蜗,蝇,螟,螺"
6,SZHSHPN,731,2,"促,做,故,敌,敬,界"
6,SZHSHSGH,401,2,"周,哥,歌,猬,谓"
6,SZHSZHS,735,2,"咒,咽,碉,碘"
6,ZHHHHSZH,408,2,"健,建,键"
6,ZHHSSZH,791,2,"咕,唐,塘,搪,群,裙,触,话"
7,HHSHSGHH,451,2,"清,腹,蜻,静"
7,HHSPNHSPN,226,2,"森,琳,秫"
7,HSGNNHPN,448,2,"卖,读,赎"
7,HSGSHHHN,442,2,"雳,雷,露,霹"
7,HSPNNHSZ,427,2,"杭,柿,糖,糠"
7,HSSGHHHH,422,2,"直,矗,置"
7,HSSHSZHSH,209,2,"嗤,横,燕,黄"
7,HSZHHSHH,406,2,"哩,埋,懂,理,醒,重"
7,HSZSSHHH,420,2,"膘,酝,酵,醋"
7,NHSHSSHS,425,2,"席,庶,蔗,遮"
7,NHSSHSZH,423,2,"店,惦,掂"
7,NHSZHSGH,428,2,"亭,嚷,癌"
7,NSHSHSZH,431,2,"洁,站,糙"
7,NSZHHHHS,435,2,"津,焊,算"
7,PHHHZSGH,392,2,"钟,钥,钧,钾"
7,PHHHZSZS,418,2,"钢,铅,锣"
7,PNSZHSHN,415,2,"蚕,蛮,蜜"
7,PNSZHSZH,417,2,"嚣,智,桐"
7,PZHHHHSNZH,110,2,"缝,蓬,逢"
7,SGHHSHHSH,202,2,"猩,硅,腥,髓"
7,SGNSHSHHSNNN,24,2,"嘿,黑,黔"
7,SHHHSHHH,426,2,"匪,啡,悲,韭"
7,SHSHPNPZN,248,2,"凌,菱,陵"
7,SNPSGSZH,432,2,"党,敞,膛,赏"
7,SSSHNSZSSH,108,2,"滥,监,篮"
7,SSZHSZHH,410,2,"愕,湖,碍,糊,肾,胡,葫"
7,SZHHHHSH,443,2,"凰,惶,煌,皇,蝗"
7,SZHHPGPN,409,2,"揭,歇,渴,蔼,谒"
7,SZHHSSZH,444,2,"咕,唐,塘,搪,触"
7,SZHSHGHS,452,2,"啃,跌,蹦"
7,SZHSHSZH,453,2,"绸,胃,调"
7,SZHSZHHP,447,2,"哭,器,嚣"
7,ZHSHSSHZ,402,2,"屉,展,碾"
7,ZHSZHSZH,400,2,"品,噪,操,澡,绢,绳,语"
7,ZNGGNHSZHNSH,28,2,"橙,登,瞪"
7,ZNSSNHHHSH,99,2,"摊,滩,瘫,难"
8,HSPNSZHHHS,113,2,"想,棵,程"
8,HSSSGHHHPN,112,2,"墓,慕,摸"
8,HSSZHSHPN,220,2,"做,故,敌"
8,HSZHSZHSH,208,2,"幅,福,蝠,辐"
8,NHSHSSHZN,252,2,"渡,踱,镀"
8,NHSZHHSSZH,107,2,"唐,塘,搪"
8,SNHNSHSZH,234,2,"倍,菩,陪"
8,SPNHSZHHSG,103,2,"偷,愉,穗"
8,SZHHHSHPH,230,2,"匙,堤,是"
1,TG,2291,1,"翰,荡,菠"
2,GGN,2232,1,"沟,装"
2,GGT,2230,1,"孤,逊"
2,GHZ,2251,1,"坷,柠"
2,GNH,2236,1,"堪,逾"
2,GPP,2253,1,"刃,蟹"
2,GPS,2238,1,"照,韧"
2,GSS,2233,1,"淤,漩,爪"
2,HZG,2250,1,"冻,切,毙,陈,雅,鸦,鹿"
2,NGN,2231,1,"岭,怜,蛉,铃,龄"
2,NPZ,2235,1,"侈,允,充,吮,哆,多,够,滚,爹,统,轮"
2,NSN,2234,1,"濒,纵"
2,NSS,2242,1,"养,骄"
2,NTG,2252,1,"氯,球,翘,翩,逃,隶"
2,NTZ,2249,1,"嗡,寥,戳,扇,疗,羽,翎,翔,翻,耀,谬"
2,NZP,2246,1,"盼,诡"
2,PHG,2227,1,"拷,紊,老,考,铐"
2,PHZ,2244,1,"乞,烤"
2,PNH,2240,1,"愈,笨"
2,PPG,2226,1,"像,嫁,影"
2,PPH,2241,1,"蒙,鬓"
2,SGP,2247,1,"农,冤,咨,宛,察,惋,擦,瓷,盗,舵,蛇,豌,逻"
2,SNN,2229,1,"炉,蔗,达,还,迟,逊,遮,黔"
2,SPZ,2245,1,"凝,靴"
2,SSG,2228,1,"舶,荆"
2,SZG,2248,1,"骨,鸠"
2,TPN,2237,1,"函,剥,录,摔,暴,求,泰,涵,漆,瀑,率,碌,糠,绿,膝,藤,蟀,逮,黍,黎"
2,ZHNN,2084,1,"冬,疼"
2,ZNT,2239,1,"习,塌,蹋"
2,ZSS,2243,1,"补,讹,队,阶,隙"
2,ZZP,2225,1,"乡,剪"
3,GHHZ,2093,1,"撬,耗"
3,GNGG,2030,1,"予,揉,柔"
3,GNGS,2072,1,"凫,岛,幼,拗"
3,GNNH,2071,1,"买,卖,图,实,擒,读,赎"
3,GNTGN,1736,1,"氯,球,翘,翩,隶"
3,GNZS,2094,1,"卿,酗"
3,GPNN,2074,1,"慕,竭"
3,GPPN,2103,1,"毅,豫,骤"
3,GSZH,2068,1,"冀,句,增,拓,拘,旬,狗,确,磁,磨,磺,背,赠"
3,GSZS,2092,1,"捣,鳖"
3,GZGH,2104,1,"字,学,脖"
3,HGHG,2099,1,"哲,嘴,怔,歪,证,跟"
3,HGPS,2052,1,"傲,放,敷,施,旋,旗,游,激,熬,簇,纫,缴,赘,邀"
3,HHHH,2039,1,"值,健,凰,嗅,峰,建,律,悍,惧,惶,掌,旱,肝,津,焊,煌,皇,算,篷,绑,缝,肄,肆,臭,蓬,蜂,蝗,逢,锋,键"
3,HHSP,2105,1,"牙,透"
3,HHSS,2292,1,"井,开"
3,HNSSG,1722,1,"傍,榜,磅,膀,薯,螃,谤"
3,HPGP,2032,1,"嚎,壕,稼,象,豪,踢,雳"
3,HPNZ,2070,1,"区,鸥"
3,HPSN,2075,1,"不,歪"
3,HSGH,2033,1,"前,姻,晋,普,骑"
3,HSGN,2067,1,"亚,德,掰,琅,粉,隐"
3,HSGZ,2096,1,"盛,脆"
3,HSHN,2060,1,"坊,坑,坟,斑,琉,璧,装"
3,HSHZ,2078,1,"厅,厉,屁,庇,男"
3,HSNT,2034,1,"姚,救,瘾"
3,HSTS,2083,1,"均,拐,撮,物"
3,HSZG,2046,1,"栗,粟"
3,HZGZ,2049,1,"毙,鹿"
3,HZNZ,2064,1,"叠,迂,迄"
3,HZSN,2101,1,"叔,涂,祭,胰,蒜,除"
3,HZSP,2056,1,"剃,讶,邪"
3,HZSZ,2086,1,"地,慨,拖"
3,NGZHS,1742,1,"墅,殃,秧"
3,NHNG,2044,1,"敦,瓤"
3,NHSS,2109,1,"莽,蛮"
3,NNGN,2108,1,"岭,怜,蛉,龄"
3,NNPG,2037,1,"乳,俘,孵,浮,藐,豹,豺,貌"
3,NNTGP,1837,1,"梁,烫"
3,NPGN,2081,1,"为,伪"
3,NPHZS,1678,1,"塑,爸"
3,NPSZ,2041,1,"琉,疏"
3,NPZN,2098,1,"俊,傻,凌,棱,移,菱,酸,陵,骏"
3,NSGG,2058,1,"滨,窜,缤"
3,NSHS,2088,1,"密,糙"
3,NSNH,2062,1,"丛,坐,座,忙,挫,碎,粹,诬,醉"
3,NTSGPH,1374,1,"咨,瓷,盗"
3,NTZN,2077,1,"嗡,寥,戳,扇,羽,翎,翔,翻,耀,谬"
3,NZHN,2054,1,"患,评"
3,NZNP,2085,1,"谜,谱,餐"
3,NZSPN,1830,1,"袍,襟"
3,PGGP,2061,1,"勿,橡,遂,锡"
3,PGPG,2059,1,"猛,猾"
3,PHNP,2087,1,"筋,篷"
3,PHPZ,2053,1,"幌,晓,浇,烧,翘,跷,饶"
3,PHSS,2055,1,"升,挤,济,荠,齐"
3,PNGN,2063,1,"凝,卒,疑,翁"
3,PNHH,2089,1,"举,刽,叁,夸,奉,奏,秦,绘,胯"
3,PNPHGS,1272,1,"斧,爷"
3,PNSG,2102,1,"刘,刚,剩,牵"
3,PPPN,2051,1,"家,聚"
3,PPSG,2107,1,"循,微,徽,薇"
3,PSHH,2066,1,"仁,伟,传,行,衙"
3,PSPGHS,1305,1,"哗,桦"
3,PSPH,2065,1,"俄,履"
3,PSSN,2091,1,"仆,份,爬"
3,PZNN,2057,1,"发,祭"
3,SGHPZ,1696,1,"冤,家"
3,SGNH,2031,1,"丹,搬,般,舱,艇,艘"
3,SGSGN,1704,1,"嘱,属,蜜"
3,SGSS,2069,1,"漂,罚,罪,蜀,酣,酥"
3,SHGN,2073,1,"付,俯,府,拱,腐"
3,SHHG,2076,1,"北,映,橱,污"
3,SHST,2095,1,"牲,牺"
3,SHZZP,1750,1,"彻,汞"
3,SNGG,2079,1,"穆,舱"
3,SNNZ,2035,1,"炉,达,还,迟,逊,黔"
3,SSGS,2090,1,"啼,帝,带,忱,沈,沉,浓,滞,缔,蒂,蹄"
3,SSGZH,1735,1,"泡,英"
3,ZGNHN,1819,1,"侮,悔,拇,敏,晦,梅,每,毒,海,诲,霉"
3,ZGNZGN,1234,1,"幽,慈,滋,磁"
3,ZHGH,2110,1,"导,异,疆"
3,ZHGN,2045,1,"弦,弱,溺"
3,ZHPN,2042,1,"唤,换,鸯"
3,ZHSN,2082,1,"尺,缺"
3,ZHSP,2043,1,"呢,尼,履,昵"
3,ZHZP,2047,1,"务,谐,雾"
3,ZNGPN,1707,1,"紊,素,紫,絮"
3,ZNHP,2080,1,"凳,彤,悯,惨,渗"
3,ZNSZ,2106,1,"孵,观,谊"
3,ZNZS,2040,1,"唧,邓"
3,ZSNN,2038,1,"婴,樱,缨,舔,鹦"
3,ZSSN,2097,1,"补,队,阶"
3,ZSSP,2036,1,"讹,隙"
3,ZZHS,2050,1,"讯,诀,骡"
3,ZZNHN,1843,1,"姆,母,繁"
3,ZZSG,2100,1,"创,髓"
3,ZZSZ,2048,1,"饥,饱"
4,GGNPHS,1365,1,"僧,曾,谱,蹭"
4,GGNZH,1803,1,"鸟,鹃"
4,GHHHS,1827,1,"巢,羊,蝉,裹"
4,GHSHPN,1364,1,"敦,滨,缤"
4,GNHPSZ,1476,1,"蘑,颂"
4,GNNHP,1801,1,"买,卖,实,擒,读,赎"
4,GNPPN,1738,1,"灾,烫"
4,GNTGNT,1423,1,"翘,翩"
4,GNTZN,1666,1,"嗡,扇,翎,翔,翻"
4,GSHGHNH,1006,1,"疏,蔬"
4,GSHPN,1734,1,"供,冀,微,撰,粪"
4,GSNNN,1732,1,"煮,蔫"
4,GZGNH,1799,1,"拯,溪,蒸"
4,HGHSZNG,904,1,"势,挚"
4,HGNGN,1698,1,"曼,瀑,爆"
4,HGNGZN,1433,1,"繁,翅"
4,HGNNZH,1381,1,"过,运"
4,HGPNZ,1613,1,"寂,迈,透"
4,HGPSH,1788,1,"傲,放,敷,施,旋,旗,游,激,熬,簇,缴,赘,邀"
4,HGTGS,1763,1,"扔,折"
4,HGTGZ,1831,1,"抑,抵"
4,HGTHG,1745,1,"捷,撕"
4,HGTNH,1746,1,"扩,抗,掠,摔,撤,擅,攘"
4,HGTNS,1842,1,"拦,拧,拼,挖"
4,HGTNZ,1752,1,"护,揖"
4,HGTPN,1809,1,"抡,抢"
4,HGTPS,1757,1,"抓,浙"
4,HGTZNS,1251,1,"抬,拟"
4,HGZGN,1680,1,"袋,裂,辕"
4,HGZGPPN,869,1,"毅,豫"
4,HGZPN,1775,1,"依,恨,泵"
4,HHGNTGN,873,1,"氯,球,隶"
4,HHGPN,1841,1,"察,捺,擦,斜,标,瓢,赊,途,飘"
4,HHNHPN,1302,1,"胶,脐,脑"
4,HHPHZN,1401,1,"寿,畴,篡,胀"
4,HHSNGS,1407,1,"掷,郑"
4,HHSNH,1798,1,"凑,捧,揍,撵,矩"
4,HHSNSZ,1439,1,"知,窥,规"
4,HHSSHG,1409,1,"乖,乘,剩"
4,HHSZH,1632,1,"信,唁,明,檐,盲,瞻,言,誉,誊,誓,警,譬,赡"
4,HHZNG,1826,1,"动,即,廊,翼,郎"
4,HHZNHZ,1345,1,"嚼,既,概,溉,爵,鼠"
4,HNNPN,1836,1,"妥,爵,馁"
4,HPGGP,1714,1,"橡,遂,锡"
4,HPGPP,1822,1,"嚎,壕,稼,象,豪,踢"
4,HPNGN,1702,1,"凝,卒,疑"
4,HPNGP,1779,1,"吩,夯,纷"
4,HPNPN,1694,1,"交,咬,悴,效,校,绞,翠,脊,较,郊,驳"
4,HPNPPN,1284,1,"灰,炭"
4,HPNSG,1708,1,"刘,牵"
4,HPSGGH,1399,1,"存,荐"
4,HPSGS,1720,1,"喘,希,揣,斋,糯,需"
4,HPSHS,1792,1,"在,崭,惭,斩,暂,渐,茬"
4,HPZNPG,1279,1,"死,毙"
4,HSGNP,1690,1,"亚,粉"
4,HSGPN,1681,1,"卤,龙"
4,HSGSH,1767,1,"雳,零,雷,雾,露,霸,霹"
4,HSGSNN,1346,1,"儒,懦,蚪,雪,需,霉,霞"
4,HSGZHZ,1278,1,"咆,底"
4,HSHGN,1683,1,"却,握,睦"
4,HSHGP,1739,1,"励,场"
4,HSHHZN,1241,1,"侍,恃,诗"
4,HSHPHG,2299,1,"老,考"
4,HSHPZG,1341,1,"哮,孝,教,表"
4,HSHSN,1807,1,"庆,斥"
4,HSNPH,1794,1,"丧,凄,善,墙,妻,晃,膳,金,鉴"
4,HSNTZS,1286,1,"姚,瘾"
4,HSSGGGH,957,1,"勃,渤,荸"
4,HSSGN,1760,1,"献,镰,鸭"
4,HSSGP,1828,1,"苏,荔"
4,HSSGZZN,1034,1,"嗦,索"
4,HSSHZ,1682,1,"世,竹"
4,HSSNN,1824,1,"范,茫,荡,菠,萍,落,藻"
4,HSTGSHS,1012,1,"垢,拆"
4,HSTHH,1744,1,"抚,撬"
4,HSTHS,1802,1,"擂,牡,特"
4,HSTSG,1838,1,"均,物"
4,HSTSZH,1307,1,"拐,撮"
4,HSTZN,1733,1,"捅,搔"
4,HSZNSG,1243,1,"丽,例"
4,HSZSHH,1383,1,"再,雹"
4,HSZSZ,1716,1,"废,箍"
4,HZGNHN,1071,1,"侮,悔,敏,晦,梅,每,毒,海,诲,霉"
4,HZGNZGN,852,1,"慈,滋,磁"
4,HZGPN,1771,1,"冻,陈"
4,HZHZN,1679,1,"低,假,暇,霞"
4,HZNPZ,1612,1,"充,吮,统"
4,HZNTPN,1274,1,"录,漆,黍,黎"
4,HZNZH,1686,1,"迂,迄"
4,NGPSZPN,958,1,"贫,贸"
4,NGZGN,1804,1,"永,泳"
4,NGZHSN,1427,1,"殃,秧"
4,NHGGSHP,837,1,"旅,族"
4,NHGNHS,1380,1,"弃,窒"
4,NHGNPN,1249,1,"狡,饺"
4,NHNNSH,1079,1,"俭,剑,捡,敛,检,签,脸,险,验"
4,NHNSSGNHG,190,1,"傍,榜,磅,膀,螃,谤"
4,NHNSSZH,842,1,"嘀,嫡,摘,滴,舶"
4,NHPNHSSZ,488,1,"离,禽,篱"
4,NHPNZS,1262,1,"恼,漓,璃"
4,NHPSPZNN,486,1,"液,腋"
4,NHPZGN,1384,1,"袭,裳"
4,NHSNG,1753,1,"廊,疤"
4,NHZPN,1810,1,"刹,戏,杀,茶"
4,NHZZN,1755,1,"玄,瓮"
4,NNHSN,1749,1,"然,燃,牍,续,默"
4,NNNHS,1743,1,"蝌,魁"
4,NNPGG,1751,1,"乳,俘,孵,浮,豺"
4,NNPGPP,1459,1,"藐,豹,貌"
4,NNSGH,1747,1,"沃,贮,阔"
4,NNSGS,1806,1,"婆,波,派"
4,NNSHNN,1377,1,"淫,溪"
4,NNSSSN,1429,1,"沙,洲"
4,NNSZHS,1321,1,"汛,泥"
4,NNSZN,1748,1,"汉,澄"
4,NNTPNHS,822,1,"摔,率,蟀"
4,NPHHP,1817,1,"关,券,卷,唉,圈,埃,拳,挨,援,暖"
4,NPNGZN,1285,1,"唆,峻,竣"
4,NPSGS,1769,1,"党,常,憋,搅,撇,撑,敞,膛,蔽,觉,赏"
4,NPSNNPP,881,1,"淡,痰,谈"
4,NSGHZ,1813,1,"宁,守"
4,NSGPG,1844,1,"它,汤"
4,NSGSN,1762,1,"寝,款"
4,NSHHG,1815,1,"橱,污"
4,NSHPN,1764,1,"兴,弊,救,整,枚"
4,NSNPZHH,975,1,"档,裆"
4,NSSGHG,1273,1,"泻,蔓"
4,NSSGSG,1391,1,"沈,沉,蹄"
4,NSZGH,1768,1,"冯,寂"
4,NSZPS,1766,1,"沼,粱,阀"
4,NSZSZN,1267,1,"泼,碗,闷"
4,NTSGPHSZ,465,1,"咨,盗"
4,NTSPZN,1370,1,"将,桨,浆,蒋,酱"
4,NZGSH,1756,1,"要,诉,诞"
4,NZHSSG,1248,1,"偏,囊,编,翩,肩,骗"
4,NZNPH,1758,1,"谱,餐"
4,NZSNSZ,1242,1,"祖,祝,神,视"
4,NZSZZN,1244,1,"殴,设"
4,NZZHS,1812,1,"讯,诀"
4,PGGNN,1719,1,"翰,褐"
4,PGNGSZ,1419,1,"凫,岛"
4,PGPHSZN,846,1,"犹,狐"
4,PHHHG,1723,1,"钠,铜,锹"
4,PHHHS,1793,1,"奸,镣"
4,PHNPH,1721,1,"委,屡,矮,笛,筐,筒,答,筝,箩,篓,簇,籍"
4,PHSGH,1725,1,"前,姻,晋,普"
4,PHZZNHN,948,1,"姆,繁"
4,PNHHGN,1289,1,"刽,绘"
4,PNNGN,1791,1,"令,冷"
4,PNNZSZ,1467,1,"含,念,捻"
4,PNPNPN,1360,1,"众,爽"
4,PNPZN,1652,1,"俊,傻,凌,棱,菱,酸,陵,骏"
4,PPSGZSH,902,1,"微,徽,薇"
4,PPSHGH,1418,1,"征,涩"
4,PSHGN,1795,1,"付,俯,府,腐"
4,PSHSG,1825,1,"优,值"
4,PSHSSG,1330,1,"德,欣,锨"
4,PSHZN,1729,1,"代,袋"
4,PSHZP,1845,1,"伐,侥"
4,PSNSZ,1797,1,"们,否"
4,PSSNZ,1823,1,"份,爬"
4,PSZSN,1726,1,"增,狈,赠"
4,PZGZHPN,935,1,"唤,换"
4,PZHGS,1787,1,"印,弟,梯,涕"
4,PZHZP,1840,1,"务,雾"
4,PZNGZ,1717,1,"怨,盈,鸳"
4,PZNPZ,1789,1,"侈,哆,多,够,滚,爹"
4,PZNSGS,1448,1,"卵,殉,烈"
4,PZSZSN,1326,1,"癞,负"
4,PZZGHG,1356,1,"绝,饿"
4,SGHGZPPG,603,1,"像,嫁"
4,SGHHG,1692,1,"复,泉,肋,胁,覆,魔"
4,SGHHNG,1304,1,"膳,髓"
4,SGHSG,1777,1,"删,喧,宠"
4,SGNHN,1784,1,"搬,般,舱,艇,艘"
4,SGPZN,1618,1,"宛,察,惋,擦,豌,逻"
4,SGSNH,1781,1,"尊,崔,灯,酒"
4,SGSPN,1700,1,"协,枣,棘,策"
4,SGZGH,1832,1,"字,学"
4,SGZPN,1688,1,"城,尔,尿,成,诚"
4,SHGHHS,1453,1,"嫂,搜,昧,瘦"
4,SHGHP,1811,1,"些,柴,紫,齿"
4,SHHGZ,1759,1,"北,映"
4,SHHHPNGS,483,1,"嘶,撕,簸"
4,SHHHZH,1238,1,"渠,眠"
4,SHHSN,1839,1,"卡,矮"
4,SHSNPS,1417,1,"恢,琐"
4,SHSZS,1805,1,"侦,师,狮,筛,蘸"
4,SHZHH,1754,1,"掐,插,滔,焰,稻,臼,舀,艘,蹈,阎,陷"
4,SHZHS,1829,1,"卢,阵"
4,SHZSZ,1808,1,"地,拖"
4,SNHSH,1814,1,"坠,社"
4,SNNSH,1761,1,"应,烂,衍"
4,SNSHS,1765,1,"忧,愤"
4,SNSSNP,1259,1,"恍,炒"
4,SPHGGH,1295,1,"好,姐"
4,SPHGS,1816,1,"奶,婿"
4,SPHHSZ,1293,1,"妓,瘩"
4,SPHHZ,1770,1,"姨,汽"
4,SPHZG,1772,1,"妈,媚,季"
4,SPHZS,1818,1,"伤,她"
4,SPNHPN,1300,1,"奥,尖,懊,枢,樊,澳,类"
4,SPNHSH,1298,1,"尘,褥"
4,SPNSS,1684,1,"价,刺"
4,SSGHH,1633,1,"帕,怕,藤,谐,阴"
4,SSGSZ,1800,1,"啼,帝,带,忱,浓,滞,缔,蒂"
4,SSHHS,1741,1,"件,懈"
4,SSHPN,1740,1,"共,典,塞,寨,巷,恭,戴,收,烘,莽,赛"
4,SSNHHS,1247,1,"荒,谎,贼"
4,SSNNGN,1390,1,"岭,怜,龄"
4,SSNSG,1737,1,"购,躏"
4,SSSHG,1730,1,"附,顺"
4,SSSHN,1796,1,"临,揽,榄,滥,监,篮,缆,蓝,览,鉴"
4,SSSNP,1731,1,"账,赡"
4,SSZNH,1727,1,"旁,舟,航,舰,舵,舷,船,茅,茎"
4,SZHGHH,1320,1,"唧,猴"
4,SZHHP,1790,1,"剔,嘹,园,揭,易,歇,渴,葛,蒙,蔼,谒,赐,鬼"
4,SZHHZ,1718,1,"吨,愿,掩,殷,肥"
4,SZHSSH,1344,1,"咐,曲"
4,SZHZH,1724,1,"事,谴,追,遣"
4,SZHZZ,1634,1,"吆,哟,码"
4,SZNHP,1715,1,"彤,悯,惨,渗"
4,SZNPN,1835,1,"必,瑟"
4,SZPNSZ,1316,1,"帘,橘"
4,SZPZN,1600,1,"囱,搁,窗"
4,SZSGH,1712,1,"猛,询"
4,SZSNH,2295,1,"囚,四"
4,SZSNPN,1413,1,"肉,腐"
4,TSHSH,1773,1,"壮,扯"
4,TSZPN,1728,1,"姿,次,羡"
4,ZGHHSN,1440,1,"驮,骑"
4,ZGNGS,1687,1,"幼,拗"
4,ZGSZN,1685,1,"版,饭"
4,ZHGHS,1689,1,"异,疆"
4,ZHGNT,1774,1,"弱,溺"
4,ZHGPHZN,926,1,"张,涨"
4,ZHGSS,1691,1,"佛,别,咖,拂,捌,沸,破"
4,ZHHHZ,1693,1,"寻,纬,辱"
4,ZHHSGZN,1028,1,"侵,寝,巍,浸,魏"
4,ZHHSH,1695,1,"圣,红"
4,ZHNPH,1776,1,"咪,壹,碰,磷"
4,ZHSGH,1833,1,"呻,尾,燥,臊,蝴,躁"
4,ZHSGZ,1699,1,"诡,跪"
4,ZHSNNN,1287,1,"尽,照"
4,ZHSPZ,1651,1,"呢,尼,昵"
4,ZHSZN,1780,1,"总,恕,聪,融,轰,逸"
4,ZHZHZ,1697,1,"民,氓,纪"
4,ZHZSP,1778,1,"剃,讶"
4,ZNGGN,1820,1,"葵,蹬"
4,ZNHPN,1709,1,"参,奖,掺"
4,ZNSZS,1785,1,"孵,观"
4,ZNTZN,1710,1,"寥,戳,羽,耀,谬"
4,ZNZNZN,1197,1,"嗓,桑,缀"
4,ZNZPN,1783,1,"系,紧,累,螺,骡"
4,ZPHPZ,1703,1,"晓,浇,烧,翘,跷,饶"
4,ZPNNN,1782,1,"煎,熙"
4,ZPNSG,1705,1,"刚,剩"
4,ZPPNGN,1291,1,"啄,琢"
4,ZPSHS,1701,1,"岔,馅"
4,ZSGHH,1713,1,"卿,嘴,指,稽"
4,ZSGSN,1786,1,"欧,歇"
4,ZSHPN,1821,1,"改,薇"
4,ZSHSGS,1277,1,"软,饰"
4,ZSNSGN,1340,1,"撼,赢"
4,ZSSNS,1834,1,"补,阶"
4,ZSZHH,1711,1,"婚,昏,脂"
4,ZZHHG,1706,1,"净,挣,皱,睁,筝"
4,ZZNGPN,1311,1,"素,紫,絮"
5,GGSZHSH,814,1,"擎,留,警"
5,GGZGNH,1355,1,"拯,蒸"
5,GHSZHH,1369,1,"肯,鹃"
5,GNGGPHSPN,310,1,"揉,柔"
5,GNGSSZHS,459,1,"榴,溜,馏"
5,GNNHPN,1351,1,"买,卖,实,读,赎"
5,GNSZHH,1414,1,"勇,澈,蛹,踏,通"
5,GNTPNZS,1041,1,"函,涵"
5,GNTZNT,1454,1,"嗡,翎,翻"
5,GPSZHSH,815,1,"独,瘤"
5,GSNPHSZ,809,1,"恶,憎"
5,HGHSPN,1263,1,"某,柒,煤,谋"
5,HGPNZH,1436,1,"迈,透"
5,HGPSHPN,947,1,"傲,放,敷,熬,赘"
5,HGSHHHZN,572,1,"撮,聂"
5,HGSHSZ,1455,1,"匠,毡,籍"
5,HGSHZSZ,942,1,"唬,滤,虑"
5,HGTHHSN,973,1,"扶,撵"
5,HGTHSG,1348,1,"扰,扼"
5,HGTHSZ,1338,1,"技,拔,拢"
5,HGTNHZ,1236,1,"摔,撤"
5,HGTNSHH,798,1,"拦,拼"
5,HGTNSZ,1315,1,"拧,挖"
5,HGTSGHH,939,1,"押,担,捏"
5,HGTSZZ,1426,1,"投,抱"
5,HGTZSH,1425,1,"扭,把"
5,HHHGPN,1397,1,"擦,瓢,飘"
5,HHHGSHGNGN,134,1,"瀑,爆"
5,HHHPHZN,924,1,"寿,畴,篡"
5,HHHSNHH,996,1,"凑,捧,揍"
5,HHHZPN,1268,1,"承,票"
5,HHPNGNGSH,348,1,"凝,疑"
5,HHPNZNTPN,274,1,"泰,藤"
5,HHPSZH,1319,1,"君,着,窘,躲"
5,HHSGNN,1404,1,"德,隐"
5,HHSHGHZ,1022,1,"卸,御,赋,鹉"
5,HHSHHS,1473,1,"封,弄,窜"
5,HHSHPGGSZHH,79,1,"嗜,鳍"
5,HHSHPZN,907,1,"麦,麸"
5,HHSHZH,1447,1,"廷,艇"
5,HHSNHZH,978,1,"撵,矩"
5,HHSNSZS,885,1,"窥,规"
5,HHSNZH,1323,1,"蟹,迁"
5,HHSSHGPZ,639,1,"乖,乘"
5,HHSZHH,1471,1,"明,盲"
5,HHSZNN,1317,1,"忘,急,瘾,稳"
5,HHZNHZSZ,399,1,"既,概,溉"
5,HHZPNNZ,919,1,"盏,腿,退"
5,HNNPHHPZN,343,1,"援,暖"
5,HNNPNPH,959,1,"妥,馁"
5,HNNPSHHS,647,1,"摇,谣,遥"
5,HNSHHS,1402,1,"僻,劈,壁,孽,宰,幸,滓,璧,瓣,臂,薛,蛛,蜘,譬,辛,辜,辞,辟,辨,辩,辫,避,霹"
5,HNSHNPH,955,1,"笙,霎"
5,HNZHSG,1299,1,"停,膏,藻"
5,HNZHSH,1462,1,"吏,虽,蛋"
5,HPGGPGN,1016,1,"橡,遂"
5,HPHSZH,1457,1,"吝,蠢"
5,HPNNZH,1280,1,"这,送"
5,HPNPZN,1435,1,"傻,凌,棱,菱,陵"
5,HPNSGHH,1017,1,"庵,眷"
5,HPNSZH,1313,1,"俺,吞,奄,春,淹"
5,HPSGHH,1460,1,"储,堕,夏,屠,暑,曙,看,睹,研,绪,者,著"
5,HPSZSS,1400,1,"端,耍"
5,HPZNGH,1393,1,"歼,远"
5,HPZNSGS,864,1,"殉,烈"
5,HPZPNHS,859,1,"垄,聋"
5,HSGHHS,1337,1,"剪,圃,埂,捕,箭,簿,缚,膊,薄"
5,HSGNNHSN,611,1,"牍,续"
5,HSGNTZN,1005,1,"扇,翔"
5,HSGSHH,1235,1,"雳,零,雷,露,霸,霹"
5,HSGSNHH,989,1,"尊,崔,酒"
5,HSGSNNNN,524,1,"儒,懦,雪"
5,HSGSSHH,853,1,"漂,酣,酥"
5,HSHGNHSH,615,1,"握,睦"
5,HSHHGPN,963,1,"尉,慰,祟,蔚"
5,HSHHHG,1271,1,"坛,套,款"
5,HSHHHZ,1233,1,"肆,鬓"
5,HSHHPS,1438,1,"坏,环,痹"
5,HSHHZHZN,440,1,"假,暇,霞"
5,HSHNHG,1332,1,"坊,琉"
5,HSHNHP,1327,1,"坟,斑,装"
5,HSHSGN,1361,1,"巩,糜,蘑,靡"
5,HSHSHN,1297,1,"压,霍,霎"
5,HSHSHP,1283,1,"宾,徒,攻,牧,玫,致,走,赴,赵,赶,起,趁,超,越,趋,陡,鬓"
5,HSHSHSH,976,1,"岳,趟"
5,HSHSZS,1379,1,"坝,赤,漏,现,瑞,赫,遗"
5,HSHZHS,1266,1,"块,库,裤"
5,HSNNZH,1261,1,"达,迟"
5,HSPHNPH,847,1,"委,屡,矮,篓"
5,HSPNHH,1342,1,"杆,枉,框,梆,械,棒,椿,楔,榛,秆"
5,HSPNNH,1325,1,"杭,柱,柿,桩,檀,糖,糠"
5,HSPNNN,1328,1,"料,科,述"
5,HSPNNP,1465,1,"娄,巍,愁,搂,数,栏,样,楼,秋,缕,萎,锹,魏"
5,HSPNSHHS,588,1,"株,秩"
5,HSPNZP,1314,1,"杨,栽,秀,绣,锈"
5,HSSGGGHGS,255,1,"勃,渤"
5,HSSGHSZ,964,1,"矾,砚"
5,HSSHHG,1347,1,"嘁,戚,芋,苇,蒜"
5,HSSHNHSPN,285,1,"碟,谍"
5,HSSHNPH,921,1,"苹,荚,莱"
5,HSSHSG,1275,1,"借,惜,撒,散,昔,曹,磺,腊,蕾"
5,HSSHSSH,1029,1,"茁,茸"
5,HSSNHHSSZ,334,1,"荒,谎"
5,HSSNNTG,913,1,"荡,菠"
5,HSSNPH,1392,1,"严,湿"
5,HSSPGP,1437,1,"获,葱"
5,HSSSGG,1303,1,"唠,捞,涝,莺"
5,HSSSGHS,858,1,"型,茵"
5,HSSSSGSZS,339,1,"带,滞"
5,HSSSZNN,840,1,"芯,蕊"
5,HSSZHP,1443,1,"克,兢"
5,HSSZSSH,974,1,"缅,耐"
5,HSZHGPN,993,1,"惊,感,景"
5,HSZHNSH,916,1,"厨,嬉,彭,橙,澄,澎,登,瞪,膨"
5,HSZHPZPN,548,1,"哀,袁"
5,HSZHSG,1373,1,"亭,亮,嚷,癌,衙"
5,HSZHZGH,949,1,"谆,骂"
5,HSZHZPN,1031,1,"京,减,咸,喊,憾,琼,鲸"
5,HSZSNN,1451,1,"糯,雨"
5,HZHHZNHZ,505,1,"嚼,爵,鼠"
5,HZHSPZ,1468,1,"呢,昵"
5,HZHZSZHH,504,1,"婚,昏"
5,HZNPNGZN,510,1,"唆,竣"
5,HZPSZH,1389,1,"昭,绍"
5,HZSHHH,1388,1,"轩,转"
5,HZZNGPN,855,1,"素,絮"
5,NGHHHS,1372,1,"巢,羊,裹"
5,NHGZGN,1250,1,"袋,裂"
5,NHHZSN,1386,1,"涂,祭,除"
5,NHNZHG,1252,1,"享,凳,墩,郭"
5,NHNZHZG,1011,1,"廓,烹"
5,NHPNHSSZZN,154,1,"离,篱"
5,NHPNZSSZZN,126,1,"漓,璃"
5,NHPSSZNN,660,1,"夜,掖"
5,NHPZPN,1260,1,"笼,衣,裁"
5,NHSGZHHHH,367,1,"植,殖"
5,NHSHSH,1255,1,"庄,赃"
5,NHSNHP,1382,1,"疚,疾,痴,瘤"
5,NHSNTG,1254,1,"疲,痊,瘸"
5,NHSNTP,1232,1,"疮,疹,疼"
5,NHSNTS,1253,1,"嫉,疫,疯,痹"
5,NHSSPNS,968,1,"峦,恋"
5,NHSZHGG,863,1,"哼,淳,熟"
5,NHZGNNTPNHS,76,1,"率,蟀"
5,NHZNPZ,1434,1,"充,统"
5,NNGHSPN,828,1,"粱,菜"
5,NNGSZHH,962,1,"僚,撩,潦,瞭,缭,镣"
5,NNHSNN,1240,1,"然,燃,默"
5,NNPGPPSS,659,1,"藐,貌"
5,NNSGHS,1376,1,"沃,阔"
5,NNSGSSZ,960,1,"婆,波"
5,NNSHHS,1239,1,"汗,汪"
5,NNSHPN,1378,1,"兴,救"
5,NNSHSZ,1367,1,"沛,沥,潭"
5,NNSNHGSS,576,1,"淤,漩"
5,NNSNHN,1237,1,"泣,滚"
5,NNSNSG,1431,1,"泞,溶"
5,NNSPNZ,1456,1,"汹,沧"
5,NNSSGSG,2296,1,"沈,沉"
5,NNSSSSN,824,1,"测,溅"
5,NNSZNN,1470,1,"态,蕊"
5,NNSZPS,1245,1,"沼,粱"
5,NPHHSH,1398,1,"姜,漾,美,羡,羹"
5,NPHSHH,1288,1,"墨,炸,熏"
5,NPHZGNZGN,325,1,"慈,滋"
5,NPNSZH,1461,1,"容,欲,溶,熔,裕,谷,豁"
5,NPSGHHH,879,1,"省,阐"
5,NPSGSS,1396,1,"憋,撇,蔽"
5,NPSGSZ,1282,1,"党,常,搅,撑,敞,膛,觉,赏"
5,NPSNNPPN,511,1,"痰,谈"
5,NPSZHH,1469,1,"宵,峭,悄,消,燎,肖"
5,NSGGGHSHPN,129,1,"滨,缤"
5,NSGHHPG,871,1,"寇,能"
5,NSGHSG,1394,1,"喧,宠"
5,NSGHSH,1458,1,"定,淀,绽,蓄,锭"
5,NSGHSZH,872,1,"宣,宦,演"
5,NSGPNPH,870,1,"榨,窄,窑,窖,蓉"
5,NSGSZNG,874,1,"密,腕"
5,NSHHSPSZN,254,1,"叛,瓣"
5,NSHHSS,1270,1,"宽,饼"
5,NSNHSH,1395,1,"坐,座,挫"
5,NSPHSSZH,490,1,"恬,活"
5,NSSZHPZ,868,1,"况,锐"
5,NSZHSN,1269,1,"决,快,筷"
5,NSZNHP,1387,1,"悯,惨,渗"
5,NSZSZNN,857,1,"泼,闷"
5,NTSPZNH,1007,1,"将,桨,蒋,酱"
5,NTSZPN,1428,1,"姿,次"
5,NZGSHN,1430,1,"要,诞"
5,NZHSSGH,965,1,"偏,编,翩,肩,骗"
5,NZSGNH,1246,1,"衬,袜"
5,NZSNSZH,850,1,"祖,祝,神"
5,PGPHHSH,938,1,"狂,萄"
5,PGSZHH,1276,1,"增,旬,赠"
5,PHHHGSZ,884,1,"钠,铜"
5,PHHHZGGH,493,1,"锄,锰"
5,PHHHZNH,1002,1,"铲,锌,镜,镰"
5,PHZNTPN,988,1,"漆,黍,黎"
5,PNGZSSH,836,1,"盔,隘"
5,PNHHSH,1294,1,"全,拴"
5,PNHSPN,1450,1,"探,梁"
5,PNNZSZNN,541,1,"念,捻"
5,PPSGZSHS,618,1,"微,薇"
5,PPSHHZ,1410,1,"行,衙"
5,PSHHHSZZN,309,1,"段,锻"
5,PSHSPN,1452,1,"休,体"
5,PSHSSGS,952,1,"德,锨"
5,PSNNSHH,806,1,"烂,衍"
5,PSNNZH,1421,1,"炉,还"
5,PSNPHHS,808,1,"伴,倦"
5,PSSZHH,1479,1,"但,佣"
5,PSZSZH,1420,1,"倘,向,尚,棠,淌,裳,趟,躺"
5,PZNGZS,1357,1,"怨,盈"
5,PZSGHSH,906,1,"渔,鲁,鲸,鳖"
5,PZSZHSH,936,1,"癣,鱼,鲜,鲫,鳍,鳞"
5,PZZHHZ,1385,1,"争,狰"
5,SGGNPHS,979,1,"僧,曾,蹭"
5,SGHHGS,1352,1,"肋,胁"
5,SGHHGZ,1309,1,"复,泉,覆,魔"
5,SGHHHG,1308,1,"悬,肘,胚"
5,SGHHHH,1306,1,"俱,具,填,慎,望,真,肤,镇,颠"
5,SGHHHZ,1463,1,"县,昂"
5,SGHHPGG,899,1,"喝,惕,朦,檬"
5,SGHPGPP,1020,1,"嚎,壕,稼,象,豪"
5,SGHSPN,1464,1,"宋,捆,染"
5,SGNHNSZZN,278,1,"搬,般"
5,SGPZNG,1475,1,"宛,惋,豌"
5,SGPZNNZ,890,1,"察,擦,逻"
5,SHGHHSZ,1042,1,"嫂,搜,瘦"
5,SHGHPZ,1368,1,"些,柴,紫"
5,SHGHSH,1375,1,"徙,政,趾"
5,SHGHSN,1371,1,"轿,龄"
5,SHGPGSZH,475,1,"冀,背"
5,SHHGSNZN,649,1,"椒,淑"
5,SHHHPNGSHS,120,1,"嘶,撕"
5,SHHPNZPN,626,1,"添,蔑"
5,SHNSHNPSHZ,148,1,"符,筏"
5,SHPSHS,1362,1,"崭,惭,斩,暂,渐,茬"
5,SHSGHHH,956,1,"叠,恒,潭"
5,SHSHHS,1366,1,"嘿,岸,珠,黑,黔,默"
5,SHSHHZN,816,1,"侍,恃"
5,SHSHZN,1353,1,"怯,武,法"
5,SHSNZH,1424,1,"近,逝"
5,SHSSNHH,925,1,"循,慌"
5,SHSTHSH,995,1,"牡,特"
5,SHZSHZ,1422,1,"虏,虐"
5,SNHHSH,1432,1,"住,往,注"
5,SNHPHSS,838,1,"济,荠"
5,SNSGHH,1265,1,"昼,替,潜,腌,袒"
5,SNSHPN,1258,1,"徽,败,赦"
5,SNSHPS,1256,1,"怀,怖"
5,SPHZGH,1296,1,"妈,季"
5,SPNSHPN,888,1,"弊,整,枚"
5,SPSNHSH,977,1,"灶,烤"
5,SPSNHZ,1312,1,"炬,炼,烁"
5,SPSNNH,1290,1,"炕,炫"
5,SPSNSZ,1292,1,"灿,炮"
5,SSHHHN,1359,1,"眯,瞎,联"
5,SSHHHS,1358,1,"渺,盼"
5,SSHHSH,1363,1,"性,摆,罢"
5,SSSHNSZ,1003,1,"临,揽,榄,滥,监,篮,缆,蓝,览"
5,SSSSNS,1449,1,"侧,州"
5,SSZHHNZ,999,1,"漫,迫"
5,SSZNHG,1257,1,"旁,茅,茎"
5,SZHGSHS,912,1,"听,牌"
5,SZHGZPN,911,1,"恨,泵"
5,SZHHHG,1333,1,"助,鳄"
5,SZHHHH,1329,1,"凛,得,昙,檩,禀"
5,SZHHHP,1477,1,"吴,娱,幕,瘪,误,身"
5,SZHHNHPN,662,1,"胶,脑"
5,SZHHNHS,987,1,"肮,脏"
5,SZHNPH,1318,1,"咪,碰,磷"
5,SZHPNH,1322,1,"啥,喻"
5,SZHPNZ,1405,1,"呛,嗡"
5,SZHPZN,1324,1,"吸,宏"
5,SZHSHP,1412,1,"促,做,故,敌,敬,界,足"
5,SZHSNH,1335,1,"因,恩"
5,SZHSSZS,932,1,"响,涮"
5,SZHSZN,1334,1,"总,恕,聪,融,逸"
5,SZHZHNZH,540,1,"谴,追,遣"
5,SZHZSG,1411,1,"凯,囤"
5,SZHZSH,1331,1,"吧,啊"
5,SZHZZH,1445,1,"哟,码"
5,SZPZNH,1441,1,"囱,窗"
5,SZSNSN,1301,1,"两,俩,满,瞒,网,辆"
5,SZSZHH,1349,1,"回,涧,简,间,闸"
5,TNHNSH,1336,1,"啦,拉,接"
5,TZHHHS,1472,1,"择,绎"
5,ZHGHGH,1442,1,"嘴,证,跟"
5,ZHGNTZHGNT,143,1,"弱,溺"
5,ZHHGNTGN,663,1,"氯,隶"
5,ZHHHHPN,927,1,"嗅,惧,臭"
5,ZHHHSHSZ,555,1,"毁,绩"
5,ZHHHSZPN,560,1,"绒,胧"
5,ZHHHZN,1406,1,"寻,辱"
5,ZHHPHHSH,643,1,"星,窿"
5,ZHHPNZ,1310,1,"呕,驱"
5,ZHHSPN,1466,1,"保,呆,堡,架,燥,秉,臊,菌,躁"
5,ZHHSSGN,910,1,"镰,鸭"
5,ZHHSSPN,923,1,"兼,哎,嫌,廉,歉,谦,赚"
5,ZHHZGN,1403,1,"艰,酿"
5,ZHPNGP,1408,1,"吩,纷"
5,ZHSGHSH,826,1,"副,喂,备,畦,逼"
5,ZHSHSSZ,1043,1,"剧,居,屈,据,锯"
5,ZHSHZP,1444,1,"屁,男"
5,ZHSNZH,1478,1,"莲,迅,连"
5,ZHSSNP,1343,1,"吵,砂,纱"
5,ZHSSZNN,934,1,"忠,患"
5,ZHSZHH,1415,1,"毫,膏,舆,铺"
5,ZHSZPN,1281,1,"吹,员,砍,窝,纲,陨"
5,ZHSZSSGS,581,1,"掘,谭"
5,ZNHPNPPP,656,1,"参,掺"
5,ZNPNPZN,795,1,"俊,酸,骏"
5,ZNSZPN,1350,1,"贤,贷"
5,ZNTZNT,1416,1,"寥,羽,谬"
5,ZNZNZNHSPN,159,1,"嗓,桑"
5,ZSSGHH,1446,1,"谐,阴"
5,ZSSNNGN,997,1,"岭,龄"
5,ZSSNZH,1474,1,"褪,逆"
5,ZSSZHH,1354,1,"兜,皆,阳"
5,ZZHSSHH,886,1,"缎,饵"
5,ZZHZHZ,1264,1,"氓,纪"
5,ZZNZPN,1339,1,"系,紧,螺,骡"
5,ZZSGSZHH,479,1,"滑,猾"
6,GHHZNHZSZ,340,1,"既,概"
6,GHNHHHSZH,305,1,"唁,警"
6,GHSPHNPH,463,1,"委,矮"
6,GNGSSZHSH,302,1,"溜,馏"
6,GNPNSZH,813,1,"欲,熔"
6,GSHHHGPN,458,1,"瓢,飘"
6,HGHHSGS,945,1,"哪,娜"
6,HGSHSZH,944,1,"毡,籍"
6,HGSHZSZNN,357,1,"滤,虑"
6,HGTHHHSNHH,163,1,"捧,揍"
6,HGTHSHH,829,1,"持,挂,振"
6,HGTHSZN,812,1,"技,拔"
6,HGTNHNSH,462,1,"拉,接"
6,HGTPZSZHPZ,162,1,"挽,搀"
6,HGTSGHHH,566,1,"担,捏"
6,HGTSZHH,940,1,"拥,捍,提"
6,HGTSZHSH,650,1,"抽,捉"
6,HHGSHPN,1018,1,"冀,粪"
6,HHHHPHZN,559,1,"畴,篡"
6,HHHPNHHS,482,1,"奉,秦"
6,HHHPSZH,991,1,"着,躲"
6,HHHSHHH,898,1,"匪,啡,悲,慧,韭"
6,HHHSPNHH,456,1,"耕,耘"
6,HHHSZSNZN,297,1,"腻,贰"
6,HHHZHSZHH,336,1,"舆,铺"
6,HHNHSZHZSN,131,1,"影,晾"
6,HHPSGSS,878,1,"斋,需"
6,HHSHGHZN,546,1,"赋,鹉"
6,HHSHGHZS,547,1,"卸,御"
6,HHSHGPSHPN,104,1,"傲,熬,赘"
6,HHSHHHHS,640,1,"拜,湃"
6,HHSHHHSH,545,1,"琴,瑟"
6,HHSHHSH,928,1,"娃,胜,隆"
6,HHSHPNN,1038,1,"玲,羹"
6,HHSHSZS,915,1,"现,瑞"
6,HHSHZGNHN,283,1,"晦,毒"
6,HHSNPHSZ,523,1,"善,墙,膳"
6,HHSPNZN,980,1,"督,私"
6,HHSSHHH,896,1,"堪,揖,趣"
6,HHSSZPN,990,1,"戒,诫"
6,HHSSZSZH,538,1,"晌,鄙"
6,HHSZHSH,883,1,"僵,疆,缰,舅,鼻"
6,HHSZNSZH,607,1,"胳,酪"
6,HHZSSNHHHSH,89,1,"锥,雌"
6,HNHNSSGNHGP,91,1,"磅,膀"
6,HNHNSSZHSSZH,41,1,"嘀,嫡"
6,HNHPNPN,1004,1,"咬,绞,较"
6,HNNPHSPN,586,1,"彩,采"
6,HNNPPSHZHH,170,1,"滔,稻"
6,HNNPSGZN,464,1,"受,授"
6,HNNPSHHSZS,160,1,"摇,谣"
6,HNSGHHGS,578,1,"筋,踪"
6,HNSSZPN,804,1,"商,愤"
6,HNZHNSHN,473,1,"豌,逗"
6,HNZHSGH,841,1,"停,藻"
6,HNZHSHN,1010,1,"虽,蛋"
6,HPNHSZH,867,1,"哈,寄"
6,HPNNGSZHH,218,1,"僚,撩,潦"
6,HPSGHHSH,516,1,"磕,脾"
6,HPSNHHHSH,207,1,"堆,截,灌,罐"
6,HPZNPZN,861,1,"哆,够,爹"
6,HPZSZHPZ,512,1,"冕,娩,晚"
6,HSGHSPNSZ,363,1,"嗽,赖"
6,HSGSHHH,797,1,"雳,雷,露,霸,霹"
6,HSGSNHHH,530,1,"尊,崔"
6,HSGSNNHN,528,1,"霉,霞"
6,HSGSSHHH,636,1,"漂,酣"
6,HSHGHSH,1008,1,"政,趾"
6,HSHHGSHHH,266,1,"罪,靠"
6,HSHHHGN,810,1,"坛,套"
6,HSHHPNHH,503,1,"垮,衡,跨"
6,HSHHPSN,961,1,"坏,环"
6,HSHHZPN,854,1,"偎,畏,辰"
6,HSHNHPN,951,1,"坟,斑"
6,HSHNSHHS,454,1,"幸,蛛,蜘"
6,HSHPNPZN,590,1,"凌,棱,菱,陵"
6,HSHSGHH,930,1,"婿,清,腹,蜻,静"
6,HSHSHHS,1013,1,"岸,珠"
6,HSHSHNH,893,1,"霍,霎"
6,HSHSNNN,985,1,"憔,瞧,礁,糕,羔,蘸,霜"
6,HSHSZNN,831,1,"志,思"
6,HSHSZNSZ,441,1,"恐,略,路"
6,HSNNGSZHHG,101,1,"瞭,缭,镣"
6,HSNSGHH,1025,1,"昼,替,潜,腌"
6,HSPNHGN,1023,1,"攀,村"
6,HSPNHSGHSSHS,42,1,"槽,糟"
6,HSPNHSS,982,1,"枯,柑,棋,椰,颖"
6,HSPNHSZ,1047,1,"枝,柄,栖,稽"
6,HSPNHZP,894,1,"楷,秕"
6,HSPNNNHS,497,1,"料,科"
6,HSPNNPSN,429,1,"愁,秋,锹"
6,HSPNNZHHZ,258,1,"榔,粮"
6,HSPNPHZNTPN,58,1,"漆,黍"
6,HSPNPNH,971,1,"栓,稀"
6,HSPNPZSG,627,1,"柳,橡"
6,HSPNSGH,880,1,"梨,种,箱,粗,霜,香"
6,HSPNSGS,882,1,"枕,栅,黎"
6,HSPNSNPSGHH,54,1,"梢,稍"
6,HSPNSSGHHS,118,1,"棉,穆"
6,HSPNSSHHH,215,1,"厢,湘,相"
6,HSPNZNG,856,1,"梭,橘"
6,HSSGGSZHSH,172,1,"擎,警"
6,HSSHHGS,877,1,"嘁,戚,苇,蒜"
6,HSSHHHP,681,1,"其,勘,基,斯,旗,期,欺,甚,箕,聊"
6,HSSHHSP,807,1,"芽,茉,莉"
6,HSSHNPHS,634,1,"苹,莱"
6,HSSHNZHHSS,182,1,"霸,鞭"
6,HSSHPNZ,1030,1,"巷,恭,戴"
6,HSSHSGH,689,1,"借,惜,撒,散,昔,曹,磺,腊"
6,HSSNHHHSH,204,1,"唯,维,雏,雕"
6,HSSSZHH,844,1,"募,寞,暮,模,源,漠,膜,草,莫,蟆,馍"
6,HSSSZSZH,480,1,"茴,萤,营"
6,HSSZHHS,1019,1,"瑰,碑,缠,魄"
6,HSSZHPZ,909,1,"克,兢"
6,HSSZHSS,903,1,"刮,匾,扁,篇,蝙,遍"
6,HSZHHGNT,551,1,"塌,康,慷,蹋"
6,HSZHSGH,941,1,"亭,嚷,癌,衙"
6,HSZHSPNS,413,1,"喇,嫩,懒,漱"
6,HSZSNHHH,622,1,"奠,蹲,遵"
6,HZHHSNPH,595,1,"凄,妻"
6,HZHSNZH,848,1,"莲,连"
6,HZNPHHPN,508,1,"唉,埃"
6,HZNPNPZN,597,1,"酸,骏"
6,HZNSZHH,1015,1,"朗,痛,育,辙"
6,HZZNZPN,1014,1,"系,螺,骡"
6,NGHHHSP,819,1,"巢,裹"
6,NGHHZPN,1033,1,"娘,狼,薪"
6,NGHPNSS,817,1,"桥,矫"
6,NGNTZNT,821,1,"嗡,翎"
6,NHGPSHPN,476,1,"放,敷"
6,NHGPSHZ,839,1,"施,旋,游"
6,NHHSSZH,972,1,"舍,舒"
6,NHNSHSGH,582,1,"意,竟,部,韵"
6,NHNSHSPPP,257,1,"谚,颜"
6,NHNSHSZ,679,1,"倍,剖,培,境,幢,彰,撞,暗,樟,焙,瞳,竞,章,童,竭,端,菩,赔,陪,障,音,飒"
6,NHPNPNHS,587,1,"悴,翠"
6,NHPNPNS,1035,1,"效,脊"
6,NHSHSGNHS,251,1,"糜,蘑,靡"
6,NHSHSSH,970,1,"席,度,庶,渡,蔗,踱,遮,镀"
6,NHSHZHS,851,1,"库,裤"
6,NHSNHPHHPN,152,1,"疾,痴"
6,NHSNHPZN,478,1,"疚,瘤"
6,NHSNTGSSZ,319,1,"疲,瘸"
6,NHSNTPN,966,1,"疮,疹"
6,NHSSPNZ,849,1,"变,弯,湾"
6,NHSZHGGH,484,1,"淳,熟"
6,NHSZHGPN,651,1,"惊,景"
6,NHSZHNSH,584,1,"橙,澄,登,瞪"
6,NHSZHZPN,485,1,"京,琼,鲸"
6,NNHHHSZH,470,1,"檐,瞻,誉,誊,赡"
6,NNPSGSZ,830,1,"搅,觉"
6,NNSHSZS,2297,1,"沛,沥"
6,NNSSGHHH,577,1,"泪,混"
6,NNSSZHS,823,1,"油,洞,浊,涡"
6,NPHHHPHSH,267,1,"差,搓"
6,NPHHSHHP,598,1,"美,羹"
6,NPHSPHNPH,268,1,"屡,篓"
6,NPHSPNHPN,221,1,"奥,澳,类"
6,NPSGGNPHS,265,1,"僧,曾"
6,NPSGSSSSH,264,1,"撇,蔽"
6,NPSGSZH,1037,1,"党,常,撑,敞,膛,赏"
6,NPSNHHHSH,216,1,"稚,雀,霍"
6,NPSZSNPGSZHH,34,1,"增,赠"
6,NPSZSZH,694,1,"倘,尚,棠,淌,裳,趟,躺"
6,NSGHHSSHPN,102,1,"塞,寨,赛"
6,NSGHSZHS,629,1,"宦,演"
6,NSGPNHGH,591,1,"空,腔"
6,NSGPNHSH,500,1,"控,窍"
6,NSGPNPHS,498,1,"榨,窄,窖,蓉"
6,NSGPZHSZH,331,1,"客,额"
6,NSGPZNGG,593,1,"宛,惋"
6,NSGPZNNZ,502,1,"察,擦"
6,NSGSZHHS,506,1,"婶,审"
6,NSGSZHS,876,1,"宙,宫"
6,NSHHSPN,860,1,"殊,沫"
6,NSHHZPN,862,1,"亲,浅"
6,NSHSGHHH,492,1,"叠,恒"
6,NSHSGHHS,652,1,"剪,箭,簿,薄"
6,NSHSHZN,1036,1,"怯,法"
6,NSHSPNNH,596,1,"粒,粹"
6,NSHSZHHS,494,1,"浦,煎,蒲"
6,NSSHSZH,866,1,"悼,沾"
6,NSSZHHHS,496,1,"弹,掸"
6,NSZHHSH,865,1,"润,闰"
6,NSZHSZH,1044,1,"器,嚣,智,桐"
6,NTSPZNHS,623,1,"桨,酱"
6,NTSPZNHZN,313,1,"将,蒋"
6,NZHHHHS,833,1,"肄,肆"
6,NZHSZHH,835,1,"毫,膏"
6,NZSGNSZH,472,1,"袖,裸,褐"
6,NZSNSZHH,579,1,"祖,神"
6,PHHHZHH,799,1,"衔,钱,铸"
6,PHHHZNHNSH,111,1,"铲,锌,镜"
6,PHHHZSG,1040,1,"钓,钟,钥,钧,钾"
6,PHHHZSH,946,1,"钻,铁,铣"
6,PHNPHNHHHS,145,1,"筐,籍"
6,PHNPHNP,943,1,"答,筝"
6,PHNPHNSZHS,144,1,"笛,筒"
6,PHNSHNS,891,1,"筛,篡"
6,PHNSHNZH,569,1,"笋,第,箫"
6,PHSGHHGZH,281,1,"复,覆"
6,PNHHSNPH,645,1,"金,鉴"
6,PNHNNSHS,471,1,"剑,敛"
6,PNSNHSH,875,1,"坐,座"
6,PSGHHGZ,954,1,"泉,魔"
6,PSHSSZH,2293,1,"估,佑"
6,PSHSZHS,803,1,"何,使"
6,PSNHHHSHPNNN,38,1,"焦,蕉"
6,PSNHHSH,1032,1,"住,往"
6,PSSHSZS,950,1,"侦,狮"
6,PSSNPSGHH,308,1,"俏,偿"
6,PSZHGSS,931,1,"佛,破"
6,PSZHHHP,1048,1,"瘪,身"
6,PSZHHSHS,609,1,"卑,啤,碱"
6,PZGSHZHH,567,1,"掐,陷"
6,PZPSHZHH,565,1,"焰,阎"
6,PZSSZHH,983,1,"兜,皆"
6,SGHHHGN,895,1,"悬,肘"
6,SGHHHHPN,604,1,"俱,具,填,慎,真,镇,颠"
6,SGHHHHS,1049,1,"望,肤"
6,SGHHHSPN,519,1,"果,膝"
6,SGHHHSS,981,1,"割,壤,害,攘,潮,豁,辖,镶"
6,SGHHHSZN,520,1,"息,肢"
6,SGHHPZP,1021,1,"肠,衰"
6,SGHHSGH,901,1,"肿,胆"
6,SGHHSHN,984,1,"宝,莹"
6,SGHHSZGN,605,1,"傀,腺"
6,SGHPGPPGN,327,1,"稼,象"
6,SGHPNSS,892,1,"侨,荞"
6,SGHSHNH,1046,1,"虹,蚜,蛙,蠕"
6,SGHSHNS,905,1,"蛆,蛔,蛤"
6,SGNNHPN,908,1,"卖,实,读,赎"
6,SGNPHSHHSNNN,40,1,"墨,熏"
6,SGNSHSHHS,203,1,"嘿,黑,黔,默"
6,SHGHPZH,825,1,"些,柴"
6,SHGHSSPHSS,119,1,"濒,频"
6,SHHHSHPN,481,1,"憨,敢,橄"
6,SHHSHHS,1009,1,"封,窜"
6,SHHSHSN,834,1,"卦,献"
6,SHHSHSZ,832,1,"债,凭,辕"
6,SHHSNHSZH,261,1,"畸,短"
6,SHHSZSS,827,1,"制,曙"
6,SHNHPZPN,467,1,"笼,裁"
6,SHNNPGGH,468,1,"俘,浮"
6,SHNPHSN,920,1,"侠,峡,陕"
6,SHPNSZNN,632,1,"悠,憋"
6,SHSGSNNNNHSSGSS,3,1,"儒,懦"
6,SHSHHSZN,466,1,"歧,跋"
6,SHSHPGSHSHP,65,1,"攒,赞"
6,SHSSGHH,802,1,"宿,椭,随"
6,SHSSZPN,953,1,"岗,质"
6,SHSSZSN,805,1,"掀,颅"
6,SHSZSNH,811,1,"洒,陋"
6,SHZHHZNHZ,320,1,"爵,鼠"
6,SHZNHSH,820,1,"侄,倒,屋"
6,SNHHHSZH,589,1,"信,誓"
6,SNNNNSZHSH,122,1,"擂,蕾"
6,SNSZHSN,845,1,"快,筷"
6,SNSZNHPN,495,1,"悯,惨"
6,SPNHHZSN,514,1,"涂,除"
6,SPNHSZH,887,1,"塔,恰,搭,洽"
6,SPNSHPNHS,272,1,"弊,整"
6,SPSNHZZPN,2298,1,"炼,烁"
6,SSGHHPGGP,235,1,"惕,朦,檬"
6,SSHHHHN,889,1,"眨,睬,瞬"
6,SSHHHHS,969,1,"旺,盯"
6,SSHHHNPH,568,1,"眯,联"
6,SSHHHSPN,487,1,"媒,晰,藕"
6,SSHHHSZS,571,1,"晒,耽"
6,SSHSZPN,1001,1,"茂,贾"
6,SSHZGNHN,501,1,"侮,悔"
6,SSSNHHHSH,300,1,"准,雁"
6,SSSNSHPN,564,1,"败,赦"
6,SSZHHHHPNN,135,1,"嗅,臭"
6,SSZHHNHGPSH,53,1,"激,缴,邀"
6,SSZHHSG,1000,1,"的,魁"
6,SSZNHGP,967,1,"旁,茅"
6,SSZNHNN,937,1,"航,舵,舷"
6,SSZNHNSZSZ,127,1,"舰,船"
6,SZHGHGH,986,1,"嘴,跟"
6,SZHGSSG,914,1,"别,捌"
6,SZHHGSNPH,2294,1,"哑,显"
6,SZHHHHZ,917,1,"凛,得,檩,禀"
6,SZHHHSP,918,1,"剿,呀,味,桌,课,颗"
6,SZHHNPHHS,282,1,"胖,腾"
6,SZHHNPHS,527,1,"呼,砰"
6,SZHHSGH,922,1,"晕,檀,萌,颤"
6,SZHHSGS,1026,1,"愚,砸,脓"
6,SZHHSSHH,534,1,"甜,辑"
6,SZHHSZH,671,1,"倡,呵,哺,庸,擅,昌,晶,猖,硬,腮,蹦,鹏"
6,SZHHSZZN,445,1,"愧,槐,魂"
6,SZHNPHSP,525,1,"咪,磷"
6,SZHSGHSH,664,1,"副,喂,畦,逼"
6,SZHSGNSZH,350,1,"蝎,蠢"
6,SZHSHHPN,398,1,"侯,候,喉"
6,SZHSHHSZH,243,1,"兽,鲤,鳄"
6,SZHSHNG,800,1,"蚯,蜒"
6,SZHSHNH,897,1,"虾,蚌,蜡,蝴,蝶"
6,SZHSHNP,1027,1,"畔,蚣,蜓,蝌"
6,SZHSHNZ,796,1,"蚂,蚓"
6,SZHSNPSGHH,178,1,"哨,硝"
6,SZHSSNP,900,1,"吵,砂"
6,SZHSZSGH,610,1,"啰,敲,高"
6,SZNPHSPN,633,1,"柬,澜,粤"
6,SZSHPSGSS,355,1,"喘,揣"
6,SZSSHHSH,616,1,"摆,罢"
6,SZSSZHHSN,299,1,"帽,幌"
6,TPSHGHHSZ,364,1,"搜,瘦"
6,TPSNHHHSH,232,1,"戳,携,耀"
6,TSGHSPN,992,1,"捆,染"
6,ZHHPSZH,929,1,"君,窘"
6,ZHHZNGS,801,1,"即,郎"
6,ZHHZPNNZH,301,1,"腿,退"
6,ZHSGHPGPP,236,1,"嚎,壕,豪"
6,ZHSGZPN,994,1,"尿,诚"
6,ZHSHHGPNH,238,1,"尉,慰,蔚"
6,ZHSHHZHZN,338,1,"假,暇"
6,ZHSHSSH,1039,1,"屉,展,殿,碾,臀"
6,ZHSHSZH,843,1,"嘱,属,绸,胃,调"
6,ZHSHSZHZHNZH,37,1,"谴,遣"
6,ZHZNHSH,1045,1,"室,经"
6,ZNNHSNNPNNN,82,1,"然,燃"
6,ZNPHHHS,933,1,"氧,详"
6,ZNPSZHPZ,561,1,"说,阅"
6,ZNTZNTPHPPP,67,1,"寥,谬"
6,ZSGHHSG,818,1,"懈,解,酌"
6,ZSHSSZHH,563,1,"眉,陌"
6,ZSZHSHN,998,1,"蚀,闽"
7,GHSPNNPSN,358,1,"愁,锹"
7,GNPSGSZH,621,1,"常,撑"
7,GZHSSZSN,461,1,"顾,预"
7,HGTHSHHZ,457,1,"持,振"
7,HGTSZHHH,499,1,"捍,提"
7,HHHSNPHSZH,177,1,"善,膳"
7,HHPZSZHPZ,326,1,"冕,晚"
7,HHSGHHSHH,351,1,"董,量"
7,HHSHGPSHPNS,80,1,"熬,赘"
7,HHSHPSGHH,228,1,"暑,曙,睹"
7,HHSHSHSZH,289,1,"玷,酷"
7,HHSHSNNN,655,1,"憔,瞧,礁,糕,羔,蘸"
7,HHSNNGSZHHGPN,13,1,"瞭,缭"
7,HHSNSGHH,521,1,"替,潜,腌"
7,HHSPNNPH,531,1,"巍,萎,魏"
7,HHSPNSZH,637,1,"和,积"
7,HHSZHHSN,608,1,"脯,辅"
7,HHSZHSHH,526,1,"僵,疆,缰,鼻"
7,HHSZHSPNS,361,1,"喇,嫩"
7,HNGHHZPN,646,1,"娘,薪"
7,HNHNSHHS,549,1,"僻,劈,壁,孽,璧,臂,薛,譬,辜,辞,辟,辫,避,霹"
7,HNHSZHZPN,270,1,"琼,鲸"
7,HNPZHHHHS,333,1,"篷,蜂"
7,HPNNGSZHHZPN,44,1,"撩,潦"
7,HPSGHHHS,518,1,"堕,研"
7,HPSZHHSHS,271,1,"啤,碱"
7,HPSZHSZHS,269,1,"碉,碘"
7,HSGHHHSSHPZ,52,1,"壤,攘,镶"
7,HSGHHSNH,542,1,"圃,缚,膊"
7,HSHHPNHHG,330,1,"垮,跨"
7,HSHHSSHHH,335,1,"堪,趣"
7,HSHHSSZSN,287,1,"项,颈"
7,HSHPSNHHHSH,75,1,"堆,截"
7,HSHSHHSH,469,1,"崖,涯"
7,HSHSHPHH,575,1,"赶,越"
7,HSHSHPHP,507,1,"趁,趋"
7,HSHSZHNSHPP,51,1,"彭,澎,膨"
7,HSHSZNSZH,353,1,"略,路"
7,HSHZZNZPN,317,1,"螺,骡"
7,HSPNHHHSGS,150,1,"梆,楔"
7,HSPNHHHSN,217,1,"棒,椿,榛"
7,HSPNHSHS,602,1,"橱,秸"
7,HSPNHSPNP,349,1,"彬,梦"
7,HSPNHSSHH,223,1,"柑,棋,椰"
7,HSPNHSSZ,513,1,"枯,颖"
7,HSPNHSZN,631,1,"枝,稽"
7,HSPNHSZSN,273,1,"柄,栖"
7,HSPNNPHHH,322,1,"栏,样"
7,HSPNSGHH,517,1,"箱,粗,霜,香"
7,HSPNSGHS,661,1,"梨,种"
7,HSPNSGSZ,594,1,"枕,栅"
7,HSPNSZHS,515,1,"稠,翻,颓"
7,HSSGHHHSN,323,1,"翰,舔"
7,HSSHHGSN,533,1,"嘁,戚,蒜"
7,HSSHHHSPN,290,1,"媒,藕"
7,HSSHHHZNHS,176,1,"聚,骤"
7,HSSHHHZNZN,161,1,"摄,镊"
7,HSSHHSPN,537,1,"茉,莉"
7,HSSHPNZPN,292,1,"恭,戴"
7,HSSSGHHPGGPGN,11,1,"朦,檬"
7,HSSSZHHH,491,1,"募,寞,暮,模,漠,膜,草,莫,蟆,馍"
7,HSSSZHHPGP,168,1,"葛,蒙"
7,HSSSZSZHS,314,1,"萤,营"
7,HSSZHHHS,600,1,"乾,嘲,媳,朝"
7,HSSZHHSH,630,1,"碑,缠"
7,HSSZHHSZGN,124,1,"瑰,魄"
7,HSZHHGNTZNT,70,1,"塌,蹋"
7,HSZHHSNHZN,105,1,"傅,博,搏"
7,HSZHSGHSH,306,1,"副,逼"
7,HSZHSHSGHZ,142,1,"哥,歌"
7,HSZNPHSPN,275,1,"柬,澜"
7,HSZSSHHN,583,1,"酿,醇,醉"
7,HZHSSZSN,2300,1,"顶,顷"
7,NHGPSHZS,580,1,"施,旋"
7,NHNSHSGHH,249,1,"意,竟,韵"
7,NHNSHSZS,477,1,"端,飒"
7,NHNZHSGHPGPP,43,1,"嚎,豪"
7,NHSHSGNHSPN,86,1,"糜,靡"
7,NHSHSSHZ,625,1,"度,渡,踱,镀"
7,NHSSPNZHG,344,1,"弯,湾"
7,NHSZHHGNT,253,1,"康,慷"
7,NHSZHSZSGH,123,1,"敲,高"
7,NHZNSZHH,430,1,"痛,育,辙"
7,NNSGSZHZH,342,1,"棺,管"
7,NNSHSGHHS,247,1,"箭,簿,薄"
7,NNSHSZHHSN,171,1,"浦,蒲"
7,NNSSZHSH,585,1,"油,浊"
7,NNSSZHSZ,648,1,"洞,涡"
7,NPHSZSNHHH,173,1,"奠,蹲"
7,NSGHHSSHPNH,77,1,"塞,寨"
7,NSGHSHSHPN,130,1,"宾,鬓"
7,NSGNHNSHHS,158,1,"宰,滓"
7,NSGPNPHSH,213,1,"榨,窄,窖"
7,NSHSHSZHZPN,87,1,"减,憾"
7,NSHSZHSPNSZ,66,1,"懒,漱"
7,NSPNHSZH,628,1,"恰,洽"
7,NSZHHZPN,509,1,"崇,棕"
7,NZHHSSZH,474,1,"裙,话"
7,NZSGNSZHH,315,1,"裸,褐"
7,PHHHZHHZ,573,1,"衔,钱"
7,PHHHZHSSH,311,1,"钳,错"
7,PHHHZNHNSHS,85,1,"铲,镜"
7,PHHHZSHS,619,1,"钻,铣"
7,PHHHZSNP,624,1,"铛,销,锁"
7,PHHHZSNSN,284,1,"铡,锉"
7,PHHHZSZH,592,1,"铝,锅,锡"
7,PHNSHNHH,665,1,"笑,笔,筹"
7,PHNSHNHS,570,1,"笨,等,筑"
7,PHNSHNZHH,307,1,"笋,箫"
7,PNNHHHSZH,210,1,"檐,瞻,誉,誊"
7,PSHHSHSZ,620,1,"债,凭"
7,PSHSHHSH,553,1,"佳,街"
7,PSHZNHSH,574,1,"侄,倒"
7,PSZHHZPN,543,1,"原,很"
7,PZSGHHSG,657,1,"懈,解"
7,PZSZHSHHN,244,1,"癣,鲜,鳞"
7,PZSZHSHHSZH,56,1,"鲤,鳄"
7,SGHHHSSZH,192,1,"割,害,潮,豁,辖"
7,SGHHSZSGN,329,1,"偶,愈"
7,SGHSHNHS,606,1,"虹,蛙,蠕"
7,SGHSHNSZ,522,1,"蛆,蛔"
7,SHPNSZHHZ,345,1,"俺,淹"
7,SHSHPSGHH,316,1,"屠,著"
7,SHSHSHPH,658,1,"徒,陡"
7,SHSHSHPN,460,1,"牧,赵"
7,SHSNHSZHZ,318,1,"倚,崎"
7,SHSPNHSPN,197,1,"摩,淋,磨,魔,麻"
7,SHSPNSSHHH,116,1,"厢,湘"
7,SHSSSZHSZHPSNHHHSH,0,1,"灌,罐"
7,SHSZSNSN,613,1,"俩,满,瞒"
7,SHZSHPSHS,250,1,"崭,惭,渐"
7,SNHSSZSN,489,1,"烦,颊"
7,SPNHHZPN,599,1,"徐,栈,禁,襟"
7,SPNHSZHHS,200,1,"偷,愉,梗,穗"
7,SPNPSNHHHSH,78,1,"稚,雀"
7,SPZHHHHS,601,1,"峰,锋"
7,SSGHHHHPN,189,1,"俱,填,慎,真,镇,颠"
7,SSGHHHPH,654,1,"射,谢,躯"
7,SSGHHHPN,554,1,"墓,慕,摸,摹"
7,SSGHHHSH,455,1,"塑,韩"
7,SSHHHHNNP,359,1,"睬,瞬"
7,SSNPSZHH,416,1,"峭,悄,消"
7,SSZHHNHGPSHPN,21,1,"缴,邀"
7,SSZHHSPN,557,1,"保,堡,菌"
7,SSZHHSZZN,337,1,"愧,魂"
7,SSZHSHHPN,341,1,"候,喉"
7,SSZHSHPN,562,1,"促,做,故,敌"
7,SSZNHNNH,556,1,"航,舷"
7,SZHHHHZPN,229,1,"凛,檩,禀"
7,SZHHHSHP,532,1,"匙,堤,是,鼎"
7,SZHHHSSH,635,1,"囊,暴,瓤"
7,SZHHPGPP,529,1,"易,赐"
7,SZHHSGHH,638,1,"檀,萌,颤"
7,SZHHSGSZ,539,1,"砸,脓"
7,SZHHSZHS,642,1,"呵,腮"
7,SZHHSZSG,535,1,"温,瘟,藕"
7,SZHHSZSHN,366,1,"遇,隅"
7,SZHHSZSSH,206,1,"幔,慢,盟,蕴"
7,SZHPZNPZN,346,1,"哆,够"
7,SZHSGHSHH,291,1,"喂,畦"
7,SZHSHGHG,614,1,"踊,踏,蹂"
7,SZHSHHZPN,321,1,"偎,畏"
7,SZHSHNHS,641,1,"虾,蜡,蝴,蝶"
7,SZHSHNNP,449,1,"蚁,蜕,蝉"
7,SZHSHNPH,450,1,"畔,蜓,蝌"
7,SZHSHNSHHS,165,1,"蛛,蜘"
7,SZHSHNSZ,612,1,"蜈,蜗,蝇,螟"
7,SZHSHSGHH,296,1,"猬,谓"
7,SZHSHSHN,550,1,"蹄,蹭"
7,SZHSHSHP,552,1,"趴,跪"
7,SZHSHSHS,397,1,"碳,跑,跳,踢"
7,SZHSHSZPN,354,1,"溃,贵"
7,SZHSHSZSNN,141,1,"漏,遗"
7,SZHSZHHS,536,1,"噩,硼,赢"
7,SZHSZHSH,544,1,"幅,强,福,蝠,辐"
7,SZNPHSPNHPN,68,1,"奥,澳"
7,THSSPNHSZH,179,1,"塔,搭"
7,ZHGSHHHSHPN,90,1,"憨,橄"
7,ZHHSHHSH,558,1,"胜,隆"
7,ZHNHNSSGSZS,55,1,"啼,缔"
7,ZHNHPNPN,653,1,"咬,绞"
7,ZHNSZHSHN,356,1,"蚤,骚"
7,ZHSGHSZHHSPN,27,1,"燥,臊,躁"
7,ZHSHHGPNHSN,83,1,"慰,蔚"
7,ZHSHSSHPN,328,1,"殿,臀"
7,ZHSHSZHSGSGN,31,1,"嘱,属"
7,ZHSSNHHHSH,106,1,"唯,维,雕"
7,ZNTZNTPSNHHHSH,6,1,"戳,耀"
7,ZSHNPHSN,644,1,"峡,陕"
7,ZSHSSGHH,617,1,"椭,随"
7,ZSPSNHHHSH,167,1,"催,摧"
8,GHNHNSHHS,312,1,"孽,臂"
8,HHHSHPSGHH,137,1,"暑,睹"
8,HHHSHSZHH,233,1,"晴,睛,靖"
8,HHSHSGHHPZ,133,1,"腹,静"
8,HHSNHHSNSGHH,35,1,"替,潜"
8,HHSPNNPHSSZHHSGZN,2,1,"巍,魏"
8,HHSPNSZHHH,174,1,"喳,碴"
8,HHSSGHHHH,240,1,"矗,置"
8,HHSZHHSHH,239,1,"懂,醒,重"
8,HPNNHHHSZH,156,1,"誉,誊"
8,HSGHHSNHZN,166,1,"缚,膊"
8,HSGSHHHNSZHSH,16,1,"雷,露"
8,HSHHHSHHH,260,1,"匪,啡"
8,HSHHSZHSHH,109,1,"僵,疆,缰"
8,HSHNHNSHSZH,57,1,"培,境"
8,HSHSZHHSHH,155,1,"埋,理"
8,HSHSZHNSHPPP,39,1,"彭,膨"
8,HSPNHHHSNHHS,36,1,"棒,榛"
8,HSPNHHZPN,219,1,"栈,禁,襟"
8,HSPNHSSHHH,153,1,"棋,椰"
8,HSPNSGHHH,214,1,"箱,粗,霜"
8,HSPNSZHSH,263,1,"稠,翻"
8,HSSHHGSNZPN,72,1,"嘁,戚"
8,HSSHHHPNH,262,1,"基,甚"
8,HSSHHHPNSG,138,1,"期,欺"
8,HSSHSGHHSH,115,1,"撒,散"
8,HSSHSZHHHSH,73,1,"勤,谨"
8,HSSHSZHSHPN,84,1,"横,黄"
8,HSSHSZSNSN,164,1,"满,瞒"
8,HSSZHHHSS,224,1,"乾,嘲,朝"
8,HSZHHHSSHPGPN,15,1,"囊,瓤"
8,HSZHHSZSSH,139,1,"盟,蕴"
8,HSZHSGHSZHHSPN,5,1,"臊,躁"
8,HSZSSHHHS,304,1,"酵,醋"
8,HSZSSHHNHS,180,1,"醇,醉"
8,NHNSHSGHHS,149,1,"意,韵"
8,NHSHPSZHH,259,1,"奢,赌"
8,NHSHSSHSSNN,74,1,"蔗,遮"
8,NHSZHSGHHHSSHPZPN,1,1,"壤,镶"
8,NHSZSZHHHHZPN,14,1,"凛,檩"
8,NHZNSZHHS,360,1,"痛,辙"
8,NNSHSGHHSNH,61,1,"簿,薄"
8,NPHHSHSNNN,183,1,"糕,羔"
8,NSGPNPHSHH,157,1,"榨,窄"
8,NSHSPNNHSZHH,45,1,"糖,糠"
8,NSHZSHPSHS,128,1,"惭,渐"
8,NSSNPSZHH,347,1,"悄,消"
8,PHHHZSGHH,369,1,"钥,钾"
8,PHHHZSNPSZ,146,1,"销,锁"
8,PHHHZSZHSZ,147,1,"铝,锅"
8,PHNSHNHHH,279,1,"笔,筹"
8,PHNSHNHSH,280,1,"等,筑"
8,PSGHHSHHSH,114,1,"猩,硅"
8,PSSZHHSPN,256,1,"保,堡"
8,PSZHHHHSH,298,1,"凰,皇"
8,PZHSPNNHHHSZH,18,1,"檐,瞻"
8,PZSZHSHHNSHHHS,4,1,"癣,鲜"
8,SGHSHNHSH,277,1,"虹,蛙"
8,SHHSHPSZHH,100,1,"堵,署,薯"
8,SHNNZHSSZHSS,33,1,"篇,蝙"
8,SHSSHSGHH,332,1,"借,惜"
8,SHSZHHSNHZN,63,1,"傅,博"
8,SNHHHSHSNNN,49,1,"憔,瞧,礁,蘸"
8,SNNHNSHSZH,121,1,"焙,赔"
8,SNPSGSZHS,324,1,"敞,赏"
8,SSGHHHPHGN,181,1,"射,谢"
8,SSNPSZSZH,276,1,"倘,淌"
8,SSZHHHHSH,303,1,"惶,蝗"
8,SSZHHSZHH,365,1,"倡,蹦"
8,SSZHHSZSSHZN,32,1,"幔,慢"
8,SZHHPGPNN,227,1,"揭,蔼,谒"
8,SZHHSGHHH,288,1,"檀,颤"
8,SZHHSZHHS,241,1,"哺,庸,硬"
8,SZHHSZSGH,286,1,"温,瘟"
8,SZHSHGHGN,293,1,"踊,蹂"
8,SZHSHGHHH,294,1,"跃,践"
8,SZHSHGHHNNP,71,1,"踩,蹈"
8,SZHSHNHSS,242,1,"蜡,蝴,蝶"
8,SZHSHNNPS,362,1,"蜕,蝉"
8,SZHSHNPHS,352,1,"蜓,蝌"
8,SZHSHNSZH,231,1,"蜈,蜗,蝇"
8,SZHSHSHSG,295,1,"跑,踢"
8,SZHSHSHSN,368,1,"碳,跳"
8,SZHSSNHHHSH,81,1,"唯,雕"
8,SZHSZHHSGH,140,1,"噩,硼"
8,TZNSSNHHHSH,69,1,"摊,瘫"
8,ZHSZHSZHH,193,1,"噪,操,澡,绢,绳"
9,HHHHSHSZHH,136,1,"晴,睛"
9,HPSNHHHSHSNNN,10,1,"瞧,礁"
9,HSGHSHHSZHSHH,12,1,"僵,疆"
9,HSPNHSPNHHZPN,19,1,"禁,襟"
9,HSSHSZHHSS,132,1,"靴,鞠"
9,HSSZHHHSSZHH,30,1,"嘲,朝"
9,NHSPNSGHHH,151,1,"箱,霜"
9,NHSSSZHHHPN,64,1,"模,蟆"
9,NZSZHHPGPNN,62,1,"蔼,谒"
9,SHSSZHSZHH,169,1,"湖,葫"
9,SHSZHSZHSH,117,1,"幅,蝠"
9,SSHHSHPSZHH,59,1,"署,薯"
9,SSHHSZHHSHH,60,1,"懂,醒"
9,SSNHHHSHSNNN,29,1,"憔,蘸"
9,SZHHSZHHSN,184,1,"哺,硬"
9,SZHNHNSHHS,92,1,"僻,劈,壁,璧,譬,辞,辟,避,霹"
9,SZHSHNHSSH,175,1,"蜡,蝶"
9,SZHSHNSZHSZ,88,1,"蜗,蝇"
9,ZHSZHSZHHSPN,26,1,"噪,操,澡"
9,ZZHSZHSZHH,125,1,"绢,绳"
10,HSSZHNHNSHHS,22,1,"僻,劈,壁,璧,辞,辟,避"
10,SZHSZHSZHHSPN,20,1,"噪,操"
10,ZHGSZHNHNSHHS,17,1,"譬,霹"
11,GHSSZHNHNSHHS,9,1,"僻,辞"
12,ZHSSZHNHNSHHSH,7,1,"壁,璧"
